pid	track	assay	arm	level	usable	depth_reads	depth_log2	read_length	run_type_pe	dedup_on	mapq_thresh	has_control	control_fraction	ratio_k	ctl_identity	control_reads	control_depth_log2	extsize_k	fraglen_bp	src_depth	src_read_length	src_run_type	src_dedup	src_mapq	src_control_fraction	src_ratio_k	src_ctl_identity	src_control_depth	src_extsize_k	src_fraglen
C07M20__abproxy__f0.5	C07M20	H3K4me1	abproxy	f0.5	1	30000000	24.838459164932694	101	0	1	30	1	0.5	1.0	matched	160028104	27.253750051342394	1.0	215	manifest:depth	manifest:read_length	manifest:run_type	chip.wdl v2.2.2 default L178 no_dup_removal = false (picard)	chip.wdl v2.2.2 default L179 mapq_thresh = 30	manifest:knob_value (control_read_fraction)	tools/t112/bam_arm.py:ratio_for (k = 1 is MACS2's own scaling)	covariates.json:control.source	covariates.json:control.reads	tools/t112/arms.py:knob_value (k = 1: the base fraglen)	manifest:fraglen
C07M20__abproxy__f0.9	C07M20	H3K4me1	abproxy	f0.9	1	30000000	24.838459164932694	101	0	1	30	1	0.9	1.0	matched	160028104	27.253750051342394	1.0	215	manifest:depth	manifest:read_length	manifest:run_type	chip.wdl v2.2.2 default L178 no_dup_removal = false (picard)	chip.wdl v2.2.2 default L179 mapq_thresh = 30	manifest:knob_value (control_read_fraction)	tools/t112/bam_arm.py:ratio_for (k = 1 is MACS2's own scaling)	covariates.json:control.source	covariates.json:control.reads	tools/t112/arms.py:knob_value (k = 1: the base fraglen)	manifest:fraglen
C07M20__base__base	C07M20	H3K4me1	base	base	1	30000000	24.838459164932694	101	0	1	30	1	0.0	1.0	matched	160028104	27.253750051342394	1.0	215	manifest:depth	manifest:read_length	manifest:run_type	chip.wdl v2.2.2 default L178 no_dup_removal = false (picard)	chip.wdl v2.2.2 default L179 mapq_thresh = 30	tools/t112/arms.py:abproxy_n_ctl (off this arm no control read is mixed in)	tools/t112/bam_arm.py:ratio_for (k = 1 is MACS2's own scaling)	covariates.json:control.source	covariates.json:control.reads	tools/t112/arms.py:knob_value (k = 1: the base fraglen)	manifest:fraglen
C07M20__crop__36	C07M20	H3K4me1	crop	36	1	30000000	24.838459164932694	36	0	1	30	1	0.0	1.0	matched	143818699	27.099676023198437	1.0	215	manifest:depth	manifest:read_length	manifest:run_type	chip.wdl v2.2.2 default L178 no_dup_removal = false (picard)	chip.wdl v2.2.2 default L179 mapq_thresh = 30	tools/t112/arms.py:abproxy_n_ctl (off this arm no control read is mixed in)	tools/t112/bam_arm.py:ratio_for (k = 1 is MACS2's own scaling)	covariates.json:control.source	covariates.json:control.reads	tools/t112/arms.py:knob_value (k = 1: the base fraglen)	manifest:fraglen
C07M20__crop__50	C07M20	H3K4me1	crop	50	1	30000000	24.838459164932694	50	0	1	30	1	0.0	1.0	matched	153412666	27.19284235811338	1.0	215	manifest:depth	manifest:read_length	manifest:run_type	chip.wdl v2.2.2 default L178 no_dup_removal = false (picard)	chip.wdl v2.2.2 default L179 mapq_thresh = 30	tools/t112/arms.py:abproxy_n_ctl (off this arm no control read is mixed in)	tools/t112/bam_arm.py:ratio_for (k = 1 is MACS2's own scaling)	covariates.json:control.source	covariates.json:control.reads	tools/t112/arms.py:knob_value (k = 1: the base fraglen)	manifest:fraglen
C07M20__ctldepth__q0.25	C07M20	H3K4me1	ctldepth	q0.25	1	30000000	24.838459164932694	101	0	1	30	1	0.0	1.0	matched	40007026	25.253750051342394	1.0	215	manifest:depth	manifest:read_length	manifest:run_type	chip.wdl v2.2.2 default L178 no_dup_removal = false (picard)	chip.wdl v2.2.2 default L179 mapq_thresh = 30	tools/t112/arms.py:abproxy_n_ctl (off this arm no control read is mixed in)	tools/t112/bam_arm.py:ratio_for (k = 1 is MACS2's own scaling)	covariates.json:control.source	covariates.json:control.reads	tools/t112/arms.py:knob_value (k = 1: the base fraglen)	manifest:fraglen
C07M20__ctldepth__q0.5	C07M20	H3K4me1	ctldepth	q0.5	1	30000000	24.838459164932694	101	0	1	30	1	0.0	1.0	matched	80014052	26.253750051342394	1.0	215	manifest:depth	manifest:read_length	manifest:run_type	chip.wdl v2.2.2 default L178 no_dup_removal = false (picard)	chip.wdl v2.2.2 default L179 mapq_thresh = 30	tools/t112/arms.py:abproxy_n_ctl (off this arm no control read is mixed in)	tools/t112/bam_arm.py:ratio_for (k = 1 is MACS2's own scaling)	covariates.json:control.source	covariates.json:control.reads	tools/t112/arms.py:knob_value (k = 1: the base fraglen)	manifest:fraglen
C07M20__ctlid__none	C07M20	H3K4me1	ctlid	none	1	30000000	24.838459164932694	101	0	1	30	0	0.0	0.0	none	0	0.0	1.0	215	manifest:depth	manifest:read_length	manifest:run_type	chip.wdl v2.2.2 default L178 no_dup_removal = false (picard)	chip.wdl v2.2.2 default L179 mapq_thresh = 30	none: no control	none: no control	none: no control	none: no control	tools/t112/arms.py:knob_value (k = 1: the base fraglen)	manifest:fraglen
C07M20__ctlid__other	C07M20	H3K4me1	ctlid	other	1	30000000	24.838459164932694	101	0	1	30	1	0.0	1.0	other	107039349	26.673566005925892	1.0	215	manifest:depth	manifest:read_length	manifest:run_type	chip.wdl v2.2.2 default L178 no_dup_removal = false (picard)	chip.wdl v2.2.2 default L179 mapq_thresh = 30	tools/t112/arms.py:abproxy_n_ctl (off this arm no control read is mixed in)	tools/t112/bam_arm.py:ratio_for (k = 1 is MACS2's own scaling)	covariates.json:control.source	covariates.json:control.reads	tools/t112/arms.py:knob_value (k = 1: the base fraglen)	manifest:fraglen
C07M20__dedup__off	C07M20	H3K4me1	dedup	off	1	30000000	24.838459164932694	101	0	0	30	1	0.0	1.0	matched	200843119	27.581493793772644	1.0	215	manifest:depth	manifest:read_length	manifest:run_type	manifest:knob_value (chip.no_dup_removal)	chip.wdl v2.2.2 default L179 mapq_thresh = 30	tools/t112/arms.py:abproxy_n_ctl (off this arm no control read is mixed in)	tools/t112/bam_arm.py:ratio_for (k = 1 is MACS2's own scaling)	covariates.json:control.source	covariates.json:control.reads	tools/t112/arms.py:knob_value (k = 1: the base fraglen)	manifest:fraglen
C07M20__depth__15M	C07M20	H3K4me1	depth	15M	1	15000000	23.838459164932694	101	0	1	30	1	0.0	1.0	matched	160028104	27.253750051342394	1.0	215	manifest:depth	manifest:read_length	manifest:run_type	chip.wdl v2.2.2 default L178 no_dup_removal = false (picard)	chip.wdl v2.2.2 default L179 mapq_thresh = 30	tools/t112/arms.py:abproxy_n_ctl (off this arm no control read is mixed in)	tools/t112/bam_arm.py:ratio_for (k = 1 is MACS2's own scaling)	covariates.json:control.source	covariates.json:control.reads	tools/t112/arms.py:knob_value (k = 1: the base fraglen)	manifest:fraglen
C07M20__depth__3.75M	C07M20	H3K4me1	depth	3.75M	1	3750000	21.838459164932694	101	0	1	30	1	0.0	1.0	matched	160028104	27.253750051342394	1.0	215	manifest:depth	manifest:read_length	manifest:run_type	chip.wdl v2.2.2 default L178 no_dup_removal = false (picard)	chip.wdl v2.2.2 default L179 mapq_thresh = 30	tools/t112/arms.py:abproxy_n_ctl (off this arm no control read is mixed in)	tools/t112/bam_arm.py:ratio_for (k = 1 is MACS2's own scaling)	covariates.json:control.source	covariates.json:control.reads	tools/t112/arms.py:knob_value (k = 1: the base fraglen)	manifest:fraglen
C07M20__depth__7.5M	C07M20	H3K4me1	depth	7.5M	1	7500000	22.838459164932694	101	0	1	30	1	0.0	1.0	matched	160028104	27.253750051342394	1.0	215	manifest:depth	manifest:read_length	manifest:run_type	chip.wdl v2.2.2 default L178 no_dup_removal = false (picard)	chip.wdl v2.2.2 default L179 mapq_thresh = 30	tools/t112/arms.py:abproxy_n_ctl (off this arm no control read is mixed in)	tools/t112/bam_arm.py:ratio_for (k = 1 is MACS2's own scaling)	covariates.json:control.source	covariates.json:control.reads	tools/t112/arms.py:knob_value (k = 1: the base fraglen)	manifest:fraglen
C07M20__extsize__k0.5	C07M20	H3K4me1	extsize	k0.5	1	30000000	24.838459164932694	101	0	1	30	1	0.0	1.0	matched	160028104	27.253750051342394	0.5	108	manifest:depth	manifest:read_length	manifest:run_type	chip.wdl v2.2.2 default L178 no_dup_removal = false (picard)	chip.wdl v2.2.2 default L179 mapq_thresh = 30	tools/t112/arms.py:abproxy_n_ctl (off this arm no control read is mixed in)	tools/t112/bam_arm.py:ratio_for (k = 1 is MACS2's own scaling)	covariates.json:control.source	covariates.json:control.reads	manifest:level (fraglen = k x base fraglen)	manifest:fraglen
C07M20__extsize__k2	C07M20	H3K4me1	extsize	k2	1	30000000	24.838459164932694	101	0	1	30	1	0.0	1.0	matched	160028104	27.253750051342394	2.0	430	manifest:depth	manifest:read_length	manifest:run_type	chip.wdl v2.2.2 default L178 no_dup_removal = false (picard)	chip.wdl v2.2.2 default L179 mapq_thresh = 30	tools/t112/arms.py:abproxy_n_ctl (off this arm no control read is mixed in)	tools/t112/bam_arm.py:ratio_for (k = 1 is MACS2's own scaling)	covariates.json:control.source	covariates.json:control.reads	manifest:level (fraglen = k x base fraglen)	manifest:fraglen
C07M20__mapq__0	C07M20	H3K4me1	mapq	0	1	30000000	24.838459164932694	101	0	1	0	1	0.0	1.0	matched	175706994	27.388596377925513	1.0	220	manifest:depth	manifest:read_length	manifest:run_type	chip.wdl v2.2.2 default L178 no_dup_removal = false (picard)	manifest:knob_value (chip.mapq_thresh)	tools/t112/arms.py:abproxy_n_ctl (off this arm no control read is mixed in)	tools/t112/bam_arm.py:ratio_for (k = 1 is MACS2's own scaling)	covariates.json:control.source	covariates.json:control.reads	tools/t112/arms.py:knob_value (k = 1: the base fraglen)	manifest:fraglen
C07M20__mapq__10	C07M20	H3K4me1	mapq	10	1	30000000	24.838459164932694	101	0	1	10	1	0.0	1.0	matched	164313902	27.291879305716694	1.0	230	manifest:depth	manifest:read_length	manifest:run_type	chip.wdl v2.2.2 default L178 no_dup_removal = false (picard)	manifest:knob_value (chip.mapq_thresh)	tools/t112/arms.py:abproxy_n_ctl (off this arm no control read is mixed in)	tools/t112/bam_arm.py:ratio_for (k = 1 is MACS2's own scaling)	covariates.json:control.source	covariates.json:control.reads	tools/t112/arms.py:knob_value (k = 1: the base fraglen)	manifest:fraglen
C07M20__pe__pe	C07M20	H3K4me1	pe	pe	1	30000000	24.838459164932694	101	1	1	30	1	0.0	1.0	matched	156527070	27.221836939436077	1.0	220	manifest:depth	manifest:read_length	manifest:run_type	chip.wdl v2.2.2 default L178 no_dup_removal = false (picard)	chip.wdl v2.2.2 default L179 mapq_thresh = 30	tools/t112/arms.py:abproxy_n_ctl (off this arm no control read is mixed in)	tools/t112/bam_arm.py:ratio_for (k = 1 is MACS2's own scaling)	covariates.json:control.source	covariates.json:control.reads	tools/t112/arms.py:knob_value (k = 1: the base fraglen)	manifest:fraglen
C07M20__ratio__k0.5	C07M20	H3K4me1	ratio	k0.5	1	30000000	24.838459164932694	101	0	1	30	1	0.0	0.5	matched	160028104	27.253750051342394	1.0	215	manifest:depth	manifest:read_length	manifest:run_type	chip.wdl v2.2.2 default L178 no_dup_removal = false (picard)	chip.wdl v2.2.2 default L179 mapq_thresh = 30	tools/t112/arms.py:abproxy_n_ctl (off this arm no control read is mixed in)	tools/t112/bam_arm.py:ratio_for (k from manifest:level)	covariates.json:control.source	covariates.json:control.reads	tools/t112/arms.py:knob_value (k = 1: the base fraglen)	manifest:fraglen
C07M20__ratio__k2	C07M20	H3K4me1	ratio	k2	1	30000000	24.838459164932694	101	0	1	30	1	0.0	2.0	matched	160028104	27.253750051342394	1.0	215	manifest:depth	manifest:read_length	manifest:run_type	chip.wdl v2.2.2 default L178 no_dup_removal = false (picard)	chip.wdl v2.2.2 default L179 mapq_thresh = 30	tools/t112/arms.py:abproxy_n_ctl (off this arm no control read is mixed in)	tools/t112/bam_arm.py:ratio_for (k from manifest:level)	covariates.json:control.source	covariates.json:control.reads	tools/t112/arms.py:knob_value (k = 1: the base fraglen)	manifest:fraglen
C07M29__abproxy__f0.5	C07M29	H3K9me3	abproxy	f0.5	1	30000000	24.838459164932694	101	0	1	30	1	0.5	1.0	matched	160028104	27.253750051342394	1.0	200	manifest:depth	manifest:read_length	manifest:run_type	chip.wdl v2.2.2 default L178 no_dup_removal = false (picard)	chip.wdl v2.2.2 default L179 mapq_thresh = 30	manifest:knob_value (control_read_fraction)	tools/t112/bam_arm.py:ratio_for (k = 1 is MACS2's own scaling)	covariates.json:control.source	covariates.json:control.reads	tools/t112/arms.py:knob_value (k = 1: the base fraglen)	manifest:fraglen
C07M29__abproxy__f0.9	C07M29	H3K9me3	abproxy	f0.9	1	30000000	24.838459164932694	101	0	1	30	1	0.9	1.0	matched	160028104	27.253750051342394	1.0	200	manifest:depth	manifest:read_length	manifest:run_type	chip.wdl v2.2.2 default L178 no_dup_removal = false (picard)	chip.wdl v2.2.2 default L179 mapq_thresh = 30	manifest:knob_value (control_read_fraction)	tools/t112/bam_arm.py:ratio_for (k = 1 is MACS2's own scaling)	covariates.json:control.source	covariates.json:control.reads	tools/t112/arms.py:knob_value (k = 1: the base fraglen)	manifest:fraglen
C07M29__base__base	C07M29	H3K9me3	base	base	1	30000000	24.838459164932694	101	0	1	30	1	0.0	1.0	matched	160028104	27.253750051342394	1.0	200	manifest:depth	manifest:read_length	manifest:run_type	chip.wdl v2.2.2 default L178 no_dup_removal = false (picard)	chip.wdl v2.2.2 default L179 mapq_thresh = 30	tools/t112/arms.py:abproxy_n_ctl (off this arm no control read is mixed in)	tools/t112/bam_arm.py:ratio_for (k = 1 is MACS2's own scaling)	covariates.json:control.source	covariates.json:control.reads	tools/t112/arms.py:knob_value (k = 1: the base fraglen)	manifest:fraglen
C07M29__crop__36	C07M29	H3K9me3	crop	36	1	30000000	24.838459164932694	36	0	1	30	1	0.0	1.0	matched	143818699	27.099676023198437	1.0	200	manifest:depth	manifest:read_length	manifest:run_type	chip.wdl v2.2.2 default L178 no_dup_removal = false (picard)	chip.wdl v2.2.2 default L179 mapq_thresh = 30	tools/t112/arms.py:abproxy_n_ctl (off this arm no control read is mixed in)	tools/t112/bam_arm.py:ratio_for (k = 1 is MACS2's own scaling)	covariates.json:control.source	covariates.json:control.reads	tools/t112/arms.py:knob_value (k = 1: the base fraglen)	manifest:fraglen
C07M29__crop__50	C07M29	H3K9me3	crop	50	1	30000000	24.838459164932694	50	0	1	30	1	0.0	1.0	matched	153412666	27.19284235811338	1.0	200	manifest:depth	manifest:read_length	manifest:run_type	chip.wdl v2.2.2 default L178 no_dup_removal = false (picard)	chip.wdl v2.2.2 default L179 mapq_thresh = 30	tools/t112/arms.py:abproxy_n_ctl (off this arm no control read is mixed in)	tools/t112/bam_arm.py:ratio_for (k = 1 is MACS2's own scaling)	covariates.json:control.source	covariates.json:control.reads	tools/t112/arms.py:knob_value (k = 1: the base fraglen)	manifest:fraglen
C07M29__ctldepth__q0.25	C07M29	H3K9me3	ctldepth	q0.25	1	30000000	24.838459164932694	101	0	1	30	1	0.0	1.0	matched	40007026	25.253750051342394	1.0	200	manifest:depth	manifest:read_length	manifest:run_type	chip.wdl v2.2.2 default L178 no_dup_removal = false (picard)	chip.wdl v2.2.2 default L179 mapq_thresh = 30	tools/t112/arms.py:abproxy_n_ctl (off this arm no control read is mixed in)	tools/t112/bam_arm.py:ratio_for (k = 1 is MACS2's own scaling)	covariates.json:control.source	covariates.json:control.reads	tools/t112/arms.py:knob_value (k = 1: the base fraglen)	manifest:fraglen
C07M29__ctldepth__q0.5	C07M29	H3K9me3	ctldepth	q0.5	1	30000000	24.838459164932694	101	0	1	30	1	0.0	1.0	matched	80014052	26.253750051342394	1.0	200	manifest:depth	manifest:read_length	manifest:run_type	chip.wdl v2.2.2 default L178 no_dup_removal = false (picard)	chip.wdl v2.2.2 default L179 mapq_thresh = 30	tools/t112/arms.py:abproxy_n_ctl (off this arm no control read is mixed in)	tools/t112/bam_arm.py:ratio_for (k = 1 is MACS2's own scaling)	covariates.json:control.source	covariates.json:control.reads	tools/t112/arms.py:knob_value (k = 1: the base fraglen)	manifest:fraglen
C07M29__ctlid__none	C07M29	H3K9me3	ctlid	none	1	30000000	24.838459164932694	101	0	1	30	0	0.0	0.0	none	0	0.0	1.0	200	manifest:depth	manifest:read_length	manifest:run_type	chip.wdl v2.2.2 default L178 no_dup_removal = false (picard)	chip.wdl v2.2.2 default L179 mapq_thresh = 30	none: no control	none: no control	none: no control	none: no control	tools/t112/arms.py:knob_value (k = 1: the base fraglen)	manifest:fraglen
C07M29__ctlid__other	C07M29	H3K9me3	ctlid	other	1	30000000	24.838459164932694	101	0	1	30	1	0.0	1.0	other	107039349	26.673566005925892	1.0	200	manifest:depth	manifest:read_length	manifest:run_type	chip.wdl v2.2.2 default L178 no_dup_removal = false (picard)	chip.wdl v2.2.2 default L179 mapq_thresh = 30	tools/t112/arms.py:abproxy_n_ctl (off this arm no control read is mixed in)	tools/t112/bam_arm.py:ratio_for (k = 1 is MACS2's own scaling)	covariates.json:control.source	covariates.json:control.reads	tools/t112/arms.py:knob_value (k = 1: the base fraglen)	manifest:fraglen
C07M29__dedup__off	C07M29	H3K9me3	dedup	off	1	30000000	24.838459164932694	101	0	0	30	1	0.0	1.0	matched	200843119	27.581493793772644	1.0	200	manifest:depth	manifest:read_length	manifest:run_type	manifest:knob_value (chip.no_dup_removal)	chip.wdl v2.2.2 default L179 mapq_thresh = 30	tools/t112/arms.py:abproxy_n_ctl (off this arm no control read is mixed in)	tools/t112/bam_arm.py:ratio_for (k = 1 is MACS2's own scaling)	covariates.json:control.source	covariates.json:control.reads	tools/t112/arms.py:knob_value (k = 1: the base fraglen)	manifest:fraglen
C07M29__depth__15M	C07M29	H3K9me3	depth	15M	1	15000000	23.838459164932694	101	0	1	30	1	0.0	1.0	matched	160028104	27.253750051342394	1.0	200	manifest:depth	manifest:read_length	manifest:run_type	chip.wdl v2.2.2 default L178 no_dup_removal = false (picard)	chip.wdl v2.2.2 default L179 mapq_thresh = 30	tools/t112/arms.py:abproxy_n_ctl (off this arm no control read is mixed in)	tools/t112/bam_arm.py:ratio_for (k = 1 is MACS2's own scaling)	covariates.json:control.source	covariates.json:control.reads	tools/t112/arms.py:knob_value (k = 1: the base fraglen)	manifest:fraglen
C07M29__depth__3.75M	C07M29	H3K9me3	depth	3.75M	1	3750000	21.838459164932694	101	0	1	30	1	0.0	1.0	matched	160028104	27.253750051342394	1.0	200	manifest:depth	manifest:read_length	manifest:run_type	chip.wdl v2.2.2 default L178 no_dup_removal = false (picard)	chip.wdl v2.2.2 default L179 mapq_thresh = 30	tools/t112/arms.py:abproxy_n_ctl (off this arm no control read is mixed in)	tools/t112/bam_arm.py:ratio_for (k = 1 is MACS2's own scaling)	covariates.json:control.source	covariates.json:control.reads	tools/t112/arms.py:knob_value (k = 1: the base fraglen)	manifest:fraglen
C07M29__depth__7.5M	C07M29	H3K9me3	depth	7.5M	1	7500000	22.838459164932694	101	0	1	30	1	0.0	1.0	matched	160028104	27.253750051342394	1.0	200	manifest:depth	manifest:read_length	manifest:run_type	chip.wdl v2.2.2 default L178 no_dup_removal = false (picard)	chip.wdl v2.2.2 default L179 mapq_thresh = 30	tools/t112/arms.py:abproxy_n_ctl (off this arm no control read is mixed in)	tools/t112/bam_arm.py:ratio_for (k = 1 is MACS2's own scaling)	covariates.json:control.source	covariates.json:control.reads	tools/t112/arms.py:knob_value (k = 1: the base fraglen)	manifest:fraglen
C07M29__extsize__k0.5	C07M29	H3K9me3	extsize	k0.5	1	30000000	24.838459164932694	101	0	1	30	1	0.0	1.0	matched	160028104	27.253750051342394	0.5	100	manifest:depth	manifest:read_length	manifest:run_type	chip.wdl v2.2.2 default L178 no_dup_removal = false (picard)	chip.wdl v2.2.2 default L179 mapq_thresh = 30	tools/t112/arms.py:abproxy_n_ctl (off this arm no control read is mixed in)	tools/t112/bam_arm.py:ratio_for (k = 1 is MACS2's own scaling)	covariates.json:control.source	covariates.json:control.reads	manifest:level (fraglen = k x base fraglen)	manifest:fraglen
C07M29__extsize__k2	C07M29	H3K9me3	extsize	k2	1	30000000	24.838459164932694	101	0	1	30	1	0.0	1.0	matched	160028104	27.253750051342394	2.0	400	manifest:depth	manifest:read_length	manifest:run_type	chip.wdl v2.2.2 default L178 no_dup_removal = false (picard)	chip.wdl v2.2.2 default L179 mapq_thresh = 30	tools/t112/arms.py:abproxy_n_ctl (off this arm no control read is mixed in)	tools/t112/bam_arm.py:ratio_for (k = 1 is MACS2's own scaling)	covariates.json:control.source	covariates.json:control.reads	manifest:level (fraglen = k x base fraglen)	manifest:fraglen
C07M29__mapq__0	C07M29	H3K9me3	mapq	0	1	30000000	24.838459164932694	101	0	1	0	1	0.0	1.0	matched	175706994	27.388596377925513	1.0	225	manifest:depth	manifest:read_length	manifest:run_type	chip.wdl v2.2.2 default L178 no_dup_removal = false (picard)	manifest:knob_value (chip.mapq_thresh)	tools/t112/arms.py:abproxy_n_ctl (off this arm no control read is mixed in)	tools/t112/bam_arm.py:ratio_for (k = 1 is MACS2's own scaling)	covariates.json:control.source	covariates.json:control.reads	tools/t112/arms.py:knob_value (k = 1: the base fraglen)	manifest:fraglen
C07M29__mapq__10	C07M29	H3K9me3	mapq	10	1	30000000	24.838459164932694	101	0	1	10	1	0.0	1.0	matched	164313902	27.291879305716694	1.0	195	manifest:depth	manifest:read_length	manifest:run_type	chip.wdl v2.2.2 default L178 no_dup_removal = false (picard)	manifest:knob_value (chip.mapq_thresh)	tools/t112/arms.py:abproxy_n_ctl (off this arm no control read is mixed in)	tools/t112/bam_arm.py:ratio_for (k = 1 is MACS2's own scaling)	covariates.json:control.source	covariates.json:control.reads	tools/t112/arms.py:knob_value (k = 1: the base fraglen)	manifest:fraglen
C07M29__pe__pe	C07M29	H3K9me3	pe	pe	1	30000000	24.838459164932694	101	1	1	30	1	0.0	1.0	matched	156527070	27.221836939436077	1.0	210	manifest:depth	manifest:read_length	manifest:run_type	chip.wdl v2.2.2 default L178 no_dup_removal = false (picard)	chip.wdl v2.2.2 default L179 mapq_thresh = 30	tools/t112/arms.py:abproxy_n_ctl (off this arm no control read is mixed in)	tools/t112/bam_arm.py:ratio_for (k = 1 is MACS2's own scaling)	covariates.json:control.source	covariates.json:control.reads	tools/t112/arms.py:knob_value (k = 1: the base fraglen)	manifest:fraglen
C07M29__ratio__k0.5	C07M29	H3K9me3	ratio	k0.5	1	30000000	24.838459164932694	101	0	1	30	1	0.0	0.5	matched	160028104	27.253750051342394	1.0	200	manifest:depth	manifest:read_length	manifest:run_type	chip.wdl v2.2.2 default L178 no_dup_removal = false (picard)	chip.wdl v2.2.2 default L179 mapq_thresh = 30	tools/t112/arms.py:abproxy_n_ctl (off this arm no control read is mixed in)	tools/t112/bam_arm.py:ratio_for (k from manifest:level)	covariates.json:control.source	covariates.json:control.reads	tools/t112/arms.py:knob_value (k = 1: the base fraglen)	manifest:fraglen
C07M29__ratio__k2	C07M29	H3K9me3	ratio	k2	1	30000000	24.838459164932694	101	0	1	30	1	0.0	2.0	matched	160028104	27.253750051342394	1.0	200	manifest:depth	manifest:read_length	manifest:run_type	chip.wdl v2.2.2 default L178 no_dup_removal = false (picard)	chip.wdl v2.2.2 default L179 mapq_thresh = 30	tools/t112/arms.py:abproxy_n_ctl (off this arm no control read is mixed in)	tools/t112/bam_arm.py:ratio_for (k from manifest:level)	covariates.json:control.source	covariates.json:control.reads	tools/t112/arms.py:knob_value (k = 1: the base fraglen)	manifest:fraglen
C12M02__base__base	C12M02	DNase-seq	base	base	1	50000000	25.575424759098897	76	0	1	30	0	0.0	0.0	none	0	0.0	1.0	150	manifest:depth	manifest:read_length	manifest:run_type	atac.wdl v2.2.3 default L183 no_dup_removal = false (picard)	atac.wdl v2.2.3 default L184 mapq_thresh = 30; multimapping = 4 (atac.wdl v2.2.3 L181) voided the cut on the t112 mapq arms (t119)	none: no control	none: no control	none: no control	none: no control	tools/t112/arms.py:knob_value (k = 1: the base fraglen)	manifest:fraglen
C12M02__dedup__off	C12M02	DNase-seq	dedup	off	1	50000000	25.575424759098897	76	0	0	30	0	0.0	0.0	none	0	0.0	1.0	150	manifest:depth	manifest:read_length	manifest:run_type	manifest:knob_value (atac.no_dup_removal)	atac.wdl v2.2.3 default L184 mapq_thresh = 30; multimapping = 4 (atac.wdl v2.2.3 L181) voided the cut on the t112 mapq arms (t119)	none: no control	none: no control	none: no control	none: no control	tools/t112/arms.py:knob_value (k = 1: the base fraglen)	manifest:fraglen
C12M02__depth__15M	C12M02	DNase-seq	depth	15M	1	15000000	23.838459164932694	76	0	1	30	0	0.0	0.0	none	0	0.0	1.0	150	manifest:depth	manifest:read_length	manifest:run_type	atac.wdl v2.2.3 default L183 no_dup_removal = false (picard)	atac.wdl v2.2.3 default L184 mapq_thresh = 30; multimapping = 4 (atac.wdl v2.2.3 L181) voided the cut on the t112 mapq arms (t119)	none: no control	none: no control	none: no control	none: no control	tools/t112/arms.py:knob_value (k = 1: the base fraglen)	manifest:fraglen
C12M02__depth__3.75M	C12M02	DNase-seq	depth	3.75M	1	3750000	21.838459164932694	76	0	1	30	0	0.0	0.0	none	0	0.0	1.0	150	manifest:depth	manifest:read_length	manifest:run_type	atac.wdl v2.2.3 default L183 no_dup_removal = false (picard)	atac.wdl v2.2.3 default L184 mapq_thresh = 30; multimapping = 4 (atac.wdl v2.2.3 L181) voided the cut on the t112 mapq arms (t119)	none: no control	none: no control	none: no control	none: no control	tools/t112/arms.py:knob_value (k = 1: the base fraglen)	manifest:fraglen
C12M02__depth__7.5M	C12M02	DNase-seq	depth	7.5M	1	7500000	22.838459164932694	76	0	1	30	0	0.0	0.0	none	0	0.0	1.0	150	manifest:depth	manifest:read_length	manifest:run_type	atac.wdl v2.2.3 default L183 no_dup_removal = false (picard)	atac.wdl v2.2.3 default L184 mapq_thresh = 30; multimapping = 4 (atac.wdl v2.2.3 L181) voided the cut on the t112 mapq arms (t119)	none: no control	none: no control	none: no control	none: no control	tools/t112/arms.py:knob_value (k = 1: the base fraglen)	manifest:fraglen
C12M02__extsize__k0.5	C12M02	DNase-seq	extsize	k0.5	1	50000000	25.575424759098897	76	0	1	30	0	0.0	0.0	none	0	0.0	0.5	75	manifest:depth	manifest:read_length	manifest:run_type	atac.wdl v2.2.3 default L183 no_dup_removal = false (picard)	atac.wdl v2.2.3 default L184 mapq_thresh = 30; multimapping = 4 (atac.wdl v2.2.3 L181) voided the cut on the t112 mapq arms (t119)	none: no control	none: no control	none: no control	none: no control	manifest:level (atac.smooth_win = k x base fraglen)	manifest:fraglen
C12M02__extsize__k2	C12M02	DNase-seq	extsize	k2	1	50000000	25.575424759098897	76	0	1	30	0	0.0	0.0	none	0	0.0	2.0	300	manifest:depth	manifest:read_length	manifest:run_type	atac.wdl v2.2.3 default L183 no_dup_removal = false (picard)	atac.wdl v2.2.3 default L184 mapq_thresh = 30; multimapping = 4 (atac.wdl v2.2.3 L181) voided the cut on the t112 mapq arms (t119)	none: no control	none: no control	none: no control	none: no control	manifest:level (atac.smooth_win = k x base fraglen)	manifest:fraglen
C12M02__mapq__0	C12M02	DNase-seq	mapq	0	0	50000000	25.575424759098897	76	0	1	0	0	0.0	0.0	none	0	0.0	1.0	150	manifest:depth	manifest:read_length	manifest:run_type	atac.wdl v2.2.3 default L183 no_dup_removal = false (picard)	manifest:knob_value (atac.mapq_thresh); multimapping = 4 (atac.wdl v2.2.3 L181) voided the cut on the t112 mapq arms (t119)	none: no control	none: no control	none: no control	none: no control	tools/t112/arms.py:knob_value (k = 1: the base fraglen)	manifest:fraglen
C12M02__mapq__10	C12M02	DNase-seq	mapq	10	0	50000000	25.575424759098897	76	0	1	10	0	0.0	0.0	none	0	0.0	1.0	150	manifest:depth	manifest:read_length	manifest:run_type	atac.wdl v2.2.3 default L183 no_dup_removal = false (picard)	manifest:knob_value (atac.mapq_thresh); multimapping = 4 (atac.wdl v2.2.3 L181) voided the cut on the t112 mapq arms (t119)	none: no control	none: no control	none: no control	none: no control	tools/t112/arms.py:knob_value (k = 1: the base fraglen)	manifest:fraglen
C12M02__pe__pe	C12M02	DNase-seq	pe	pe	1	50000000	25.575424759098897	76	1	1	30	0	0.0	0.0	none	0	0.0	1.0	150	manifest:depth	manifest:read_length	manifest:run_type	atac.wdl v2.2.3 default L183 no_dup_removal = false (picard)	atac.wdl v2.2.3 default L184 mapq_thresh = 30; multimapping = 4 (atac.wdl v2.2.3 L181) voided the cut on the t112 mapq arms (t119)	none: no control	none: no control	none: no control	none: no control	tools/t112/arms.py:knob_value (k = 1: the base fraglen)	manifest:fraglen
C19M16__abproxy__f0.5	C19M16	H3K27ac	abproxy	f0.5	1	30000000	24.838459164932694	101	0	1	30	1	0.5	1.0	matched	107039349	26.673566005925892	1.0	180	manifest:depth	manifest:read_length	manifest:run_type	chip.wdl v2.2.2 default L178 no_dup_removal = false (picard)	chip.wdl v2.2.2 default L179 mapq_thresh = 30	manifest:knob_value (control_read_fraction)	tools/t112/bam_arm.py:ratio_for (k = 1 is MACS2's own scaling)	covariates.json:control.source	covariates.json:control.reads	tools/t112/arms.py:knob_value (k = 1: the base fraglen)	manifest:fraglen
C19M16__abproxy__f0.9	C19M16	H3K27ac	abproxy	f0.9	1	30000000	24.838459164932694	101	0	1	30	1	0.9	1.0	matched	107039349	26.673566005925892	1.0	180	manifest:depth	manifest:read_length	manifest:run_type	chip.wdl v2.2.2 default L178 no_dup_removal = false (picard)	chip.wdl v2.2.2 default L179 mapq_thresh = 30	manifest:knob_value (control_read_fraction)	tools/t112/bam_arm.py:ratio_for (k = 1 is MACS2's own scaling)	covariates.json:control.source	covariates.json:control.reads	tools/t112/arms.py:knob_value (k = 1: the base fraglen)	manifest:fraglen
C19M16__base__base	C19M16	H3K27ac	base	base	1	30000000	24.838459164932694	101	0	1	30	1	0.0	1.0	matched	107039349	26.673566005925892	1.0	180	manifest:depth	manifest:read_length	manifest:run_type	chip.wdl v2.2.2 default L178 no_dup_removal = false (picard)	chip.wdl v2.2.2 default L179 mapq_thresh = 30	tools/t112/arms.py:abproxy_n_ctl (off this arm no control read is mixed in)	tools/t112/bam_arm.py:ratio_for (k = 1 is MACS2's own scaling)	covariates.json:control.source	covariates.json:control.reads	tools/t112/arms.py:knob_value (k = 1: the base fraglen)	manifest:fraglen
C19M16__crop__36	C19M16	H3K27ac	crop	36	1	30000000	24.838459164932694	36	0	1	30	1	0.0	1.0	matched	97649047	26.541102628496844	1.0	180	manifest:depth	manifest:read_length	manifest:run_type	chip.wdl v2.2.2 default L178 no_dup_removal = false (picard)	chip.wdl v2.2.2 default L179 mapq_thresh = 30	tools/t112/arms.py:abproxy_n_ctl (off this arm no control read is mixed in)	tools/t112/bam_arm.py:ratio_for (k = 1 is MACS2's own scaling)	covariates.json:control.source	covariates.json:control.reads	tools/t112/arms.py:knob_value (k = 1: the base fraglen)	manifest:fraglen
C19M16__crop__50	C19M16	H3K27ac	crop	50	1	30000000	24.838459164932694	50	0	1	30	1	0.0	1.0	matched	104250742	26.635482411122897	1.0	180	manifest:depth	manifest:read_length	manifest:run_type	chip.wdl v2.2.2 default L178 no_dup_removal = false (picard)	chip.wdl v2.2.2 default L179 mapq_thresh = 30	tools/t112/arms.py:abproxy_n_ctl (off this arm no control read is mixed in)	tools/t112/bam_arm.py:ratio_for (k = 1 is MACS2's own scaling)	covariates.json:control.source	covariates.json:control.reads	tools/t112/arms.py:knob_value (k = 1: the base fraglen)	manifest:fraglen
C19M16__ctldepth__q0.25	C19M16	H3K27ac	ctldepth	q0.25	1	30000000	24.838459164932694	101	0	1	30	1	0.0	1.0	matched	26759837	24.673565992447717	1.0	180	manifest:depth	manifest:read_length	manifest:run_type	chip.wdl v2.2.2 default L178 no_dup_removal = false (picard)	chip.wdl v2.2.2 default L179 mapq_thresh = 30	tools/t112/arms.py:abproxy_n_ctl (off this arm no control read is mixed in)	tools/t112/bam_arm.py:ratio_for (k = 1 is MACS2's own scaling)	covariates.json:control.source	covariates.json:control.reads	tools/t112/arms.py:knob_value (k = 1: the base fraglen)	manifest:fraglen
C19M16__ctldepth__q0.5	C19M16	H3K27ac	ctldepth	q0.5	1	30000000	24.838459164932694	101	0	1	30	1	0.0	1.0	matched	53519675	25.673566019404067	1.0	180	manifest:depth	manifest:read_length	manifest:run_type	chip.wdl v2.2.2 default L178 no_dup_removal = false (picard)	chip.wdl v2.2.2 default L179 mapq_thresh = 30	tools/t112/arms.py:abproxy_n_ctl (off this arm no control read is mixed in)	tools/t112/bam_arm.py:ratio_for (k = 1 is MACS2's own scaling)	covariates.json:control.source	covariates.json:control.reads	tools/t112/arms.py:knob_value (k = 1: the base fraglen)	manifest:fraglen
C19M16__ctlid__none	C19M16	H3K27ac	ctlid	none	1	30000000	24.838459164932694	101	0	1	30	0	0.0	0.0	none	0	0.0	1.0	180	manifest:depth	manifest:read_length	manifest:run_type	chip.wdl v2.2.2 default L178 no_dup_removal = false (picard)	chip.wdl v2.2.2 default L179 mapq_thresh = 30	none: no control	none: no control	none: no control	none: no control	tools/t112/arms.py:knob_value (k = 1: the base fraglen)	manifest:fraglen
C19M16__ctlid__other	C19M16	H3K27ac	ctlid	other	1	30000000	24.838459164932694	101	0	1	30	1	0.0	1.0	other	150302589	27.16329461935312	1.0	180	manifest:depth	manifest:read_length	manifest:run_type	chip.wdl v2.2.2 default L178 no_dup_removal = false (picard)	chip.wdl v2.2.2 default L179 mapq_thresh = 30	tools/t112/arms.py:abproxy_n_ctl (off this arm no control read is mixed in)	tools/t112/bam_arm.py:ratio_for (k = 1 is MACS2's own scaling)	covariates.json:control.source	covariates.json:control.reads	tools/t112/arms.py:knob_value (k = 1: the base fraglen)	manifest:fraglen
C19M16__dedup__off	C19M16	H3K27ac	dedup	off	1	30000000	24.838459164932694	101	0	0	30	1	0.0	1.0	matched	126314836	26.912448856392302	1.0	180	manifest:depth	manifest:read_length	manifest:run_type	manifest:knob_value (chip.no_dup_removal)	chip.wdl v2.2.2 default L179 mapq_thresh = 30	tools/t112/arms.py:abproxy_n_ctl (off this arm no control read is mixed in)	tools/t112/bam_arm.py:ratio_for (k = 1 is MACS2's own scaling)	covariates.json:control.source	covariates.json:control.reads	tools/t112/arms.py:knob_value (k = 1: the base fraglen)	manifest:fraglen
C19M16__depth__15M	C19M16	H3K27ac	depth	15M	1	15000000	23.838459164932694	101	0	1	30	1	0.0	1.0	matched	107039349	26.673566005925892	1.0	180	manifest:depth	manifest:read_length	manifest:run_type	chip.wdl v2.2.2 default L178 no_dup_removal = false (picard)	chip.wdl v2.2.2 default L179 mapq_thresh = 30	tools/t112/arms.py:abproxy_n_ctl (off this arm no control read is mixed in)	tools/t112/bam_arm.py:ratio_for (k = 1 is MACS2's own scaling)	covariates.json:control.source	covariates.json:control.reads	tools/t112/arms.py:knob_value (k = 1: the base fraglen)	manifest:fraglen
C19M16__depth__3.75M	C19M16	H3K27ac	depth	3.75M	1	3750000	21.838459164932694	101	0	1	30	1	0.0	1.0	matched	107039349	26.673566005925892	1.0	180	manifest:depth	manifest:read_length	manifest:run_type	chip.wdl v2.2.2 default L178 no_dup_removal = false (picard)	chip.wdl v2.2.2 default L179 mapq_thresh = 30	tools/t112/arms.py:abproxy_n_ctl (off this arm no control read is mixed in)	tools/t112/bam_arm.py:ratio_for (k = 1 is MACS2's own scaling)	covariates.json:control.source	covariates.json:control.reads	tools/t112/arms.py:knob_value (k = 1: the base fraglen)	manifest:fraglen
C19M16__depth__7.5M	C19M16	H3K27ac	depth	7.5M	1	7500000	22.838459164932694	101	0	1	30	1	0.0	1.0	matched	107039349	26.673566005925892	1.0	180	manifest:depth	manifest:read_length	manifest:run_type	chip.wdl v2.2.2 default L178 no_dup_removal = false (picard)	chip.wdl v2.2.2 default L179 mapq_thresh = 30	tools/t112/arms.py:abproxy_n_ctl (off this arm no control read is mixed in)	tools/t112/bam_arm.py:ratio_for (k = 1 is MACS2's own scaling)	covariates.json:control.source	covariates.json:control.reads	tools/t112/arms.py:knob_value (k = 1: the base fraglen)	manifest:fraglen
C19M16__extsize__k0.5	C19M16	H3K27ac	extsize	k0.5	1	30000000	24.838459164932694	101	0	1	30	1	0.0	1.0	matched	107039349	26.673566005925892	0.5	90	manifest:depth	manifest:read_length	manifest:run_type	chip.wdl v2.2.2 default L178 no_dup_removal = false (picard)	chip.wdl v2.2.2 default L179 mapq_thresh = 30	tools/t112/arms.py:abproxy_n_ctl (off this arm no control read is mixed in)	tools/t112/bam_arm.py:ratio_for (k = 1 is MACS2's own scaling)	covariates.json:control.source	covariates.json:control.reads	manifest:level (fraglen = k x base fraglen)	manifest:fraglen
C19M16__extsize__k2	C19M16	H3K27ac	extsize	k2	1	30000000	24.838459164932694	101	0	1	30	1	0.0	1.0	matched	107039349	26.673566005925892	2.0	360	manifest:depth	manifest:read_length	manifest:run_type	chip.wdl v2.2.2 default L178 no_dup_removal = false (picard)	chip.wdl v2.2.2 default L179 mapq_thresh = 30	tools/t112/arms.py:abproxy_n_ctl (off this arm no control read is mixed in)	tools/t112/bam_arm.py:ratio_for (k = 1 is MACS2's own scaling)	covariates.json:control.source	covariates.json:control.reads	manifest:level (fraglen = k x base fraglen)	manifest:fraglen
C19M16__mapq__0	C19M16	H3K27ac	mapq	0	1	30000000	24.838459164932694	101	0	1	0	1	0.0	1.0	matched	117351389	26.80625967715557	1.0	210	manifest:depth	manifest:read_length	manifest:run_type	chip.wdl v2.2.2 default L178 no_dup_removal = false (picard)	manifest:knob_value (chip.mapq_thresh)	tools/t112/arms.py:abproxy_n_ctl (off this arm no control read is mixed in)	tools/t112/bam_arm.py:ratio_for (k = 1 is MACS2's own scaling)	covariates.json:control.source	covariates.json:control.reads	tools/t112/arms.py:knob_value (k = 1: the base fraglen)	manifest:fraglen
C19M16__mapq__10	C19M16	H3K27ac	mapq	10	1	30000000	24.838459164932694	101	0	1	10	1	0.0	1.0	matched	109732930	26.709421291390598	1.0	190	manifest:depth	manifest:read_length	manifest:run_type	chip.wdl v2.2.2 default L178 no_dup_removal = false (picard)	manifest:knob_value (chip.mapq_thresh)	tools/t112/arms.py:abproxy_n_ctl (off this arm no control read is mixed in)	tools/t112/bam_arm.py:ratio_for (k = 1 is MACS2's own scaling)	covariates.json:control.source	covariates.json:control.reads	tools/t112/arms.py:knob_value (k = 1: the base fraglen)	manifest:fraglen
C19M16__pe__pe	C19M16	H3K27ac	pe	pe	1	30000000	24.838459164932694	101	1	1	30	1	0.0	1.0	matched	104984314	26.645598545990854	1.0	185	manifest:depth	manifest:read_length	manifest:run_type	chip.wdl v2.2.2 default L178 no_dup_removal = false (picard)	chip.wdl v2.2.2 default L179 mapq_thresh = 30	tools/t112/arms.py:abproxy_n_ctl (off this arm no control read is mixed in)	tools/t112/bam_arm.py:ratio_for (k = 1 is MACS2's own scaling)	covariates.json:control.source	covariates.json:control.reads	tools/t112/arms.py:knob_value (k = 1: the base fraglen)	manifest:fraglen
C19M16__ratio__k0.5	C19M16	H3K27ac	ratio	k0.5	1	30000000	24.838459164932694	101	0	1	30	1	0.0	0.5	matched	107039349	26.673566005925892	1.0	180	manifest:depth	manifest:read_length	manifest:run_type	chip.wdl v2.2.2 default L178 no_dup_removal = false (picard)	chip.wdl v2.2.2 default L179 mapq_thresh = 30	tools/t112/arms.py:abproxy_n_ctl (off this arm no control read is mixed in)	tools/t112/bam_arm.py:ratio_for (k from manifest:level)	covariates.json:control.source	covariates.json:control.reads	tools/t112/arms.py:knob_value (k = 1: the base fraglen)	manifest:fraglen
C19M16__ratio__k2	C19M16	H3K27ac	ratio	k2	1	30000000	24.838459164932694	101	0	1	30	1	0.0	2.0	matched	107039349	26.673566005925892	1.0	180	manifest:depth	manifest:read_length	manifest:run_type	chip.wdl v2.2.2 default L178 no_dup_removal = false (picard)	chip.wdl v2.2.2 default L179 mapq_thresh = 30	tools/t112/arms.py:abproxy_n_ctl (off this arm no control read is mixed in)	tools/t112/bam_arm.py:ratio_for (k from manifest:level)	covariates.json:control.source	covariates.json:control.reads	tools/t112/arms.py:knob_value (k = 1: the base fraglen)	manifest:fraglen
C19M22__abproxy__f0.5	C19M22	H3K4me3	abproxy	f0.5	1	30000000	24.838459164932694	101	0	1	30	1	0.5	1.0	matched	107039349	26.673566005925892	1.0	205	manifest:depth	manifest:read_length	manifest:run_type	chip.wdl v2.2.2 default L178 no_dup_removal = false (picard)	chip.wdl v2.2.2 default L179 mapq_thresh = 30	manifest:knob_value (control_read_fraction)	tools/t112/bam_arm.py:ratio_for (k = 1 is MACS2's own scaling)	covariates.json:control.source	covariates.json:control.reads	tools/t112/arms.py:knob_value (k = 1: the base fraglen)	manifest:fraglen
C19M22__abproxy__f0.9	C19M22	H3K4me3	abproxy	f0.9	1	30000000	24.838459164932694	101	0	1	30	1	0.9	1.0	matched	107039349	26.673566005925892	1.0	205	manifest:depth	manifest:read_length	manifest:run_type	chip.wdl v2.2.2 default L178 no_dup_removal = false (picard)	chip.wdl v2.2.2 default L179 mapq_thresh = 30	manifest:knob_value (control_read_fraction)	tools/t112/bam_arm.py:ratio_for (k = 1 is MACS2's own scaling)	covariates.json:control.source	covariates.json:control.reads	tools/t112/arms.py:knob_value (k = 1: the base fraglen)	manifest:fraglen
C19M22__base__base	C19M22	H3K4me3	base	base	1	30000000	24.838459164932694	101	0	1	30	1	0.0	1.0	matched	107039349	26.673566005925892	1.0	205	manifest:depth	manifest:read_length	manifest:run_type	chip.wdl v2.2.2 default L178 no_dup_removal = false (picard)	chip.wdl v2.2.2 default L179 mapq_thresh = 30	tools/t112/arms.py:abproxy_n_ctl (off this arm no control read is mixed in)	tools/t112/bam_arm.py:ratio_for (k = 1 is MACS2's own scaling)	covariates.json:control.source	covariates.json:control.reads	tools/t112/arms.py:knob_value (k = 1: the base fraglen)	manifest:fraglen
C19M22__crop__36	C19M22	H3K4me3	crop	36	1	30000000	24.838459164932694	36	0	1	30	1	0.0	1.0	matched	97649047	26.541102628496844	1.0	205	manifest:depth	manifest:read_length	manifest:run_type	chip.wdl v2.2.2 default L178 no_dup_removal = false (picard)	chip.wdl v2.2.2 default L179 mapq_thresh = 30	tools/t112/arms.py:abproxy_n_ctl (off this arm no control read is mixed in)	tools/t112/bam_arm.py:ratio_for (k = 1 is MACS2's own scaling)	covariates.json:control.source	covariates.json:control.reads	tools/t112/arms.py:knob_value (k = 1: the base fraglen)	manifest:fraglen
C19M22__crop__50	C19M22	H3K4me3	crop	50	1	30000000	24.838459164932694	50	0	1	30	1	0.0	1.0	matched	104250742	26.635482411122897	1.0	205	manifest:depth	manifest:read_length	manifest:run_type	chip.wdl v2.2.2 default L178 no_dup_removal = false (picard)	chip.wdl v2.2.2 default L179 mapq_thresh = 30	tools/t112/arms.py:abproxy_n_ctl (off this arm no control read is mixed in)	tools/t112/bam_arm.py:ratio_for (k = 1 is MACS2's own scaling)	covariates.json:control.source	covariates.json:control.reads	tools/t112/arms.py:knob_value (k = 1: the base fraglen)	manifest:fraglen
C19M22__ctldepth__q0.25	C19M22	H3K4me3	ctldepth	q0.25	1	30000000	24.838459164932694	101	0	1	30	1	0.0	1.0	matched	26759837	24.673565992447717	1.0	205	manifest:depth	manifest:read_length	manifest:run_type	chip.wdl v2.2.2 default L178 no_dup_removal = false (picard)	chip.wdl v2.2.2 default L179 mapq_thresh = 30	tools/t112/arms.py:abproxy_n_ctl (off this arm no control read is mixed in)	tools/t112/bam_arm.py:ratio_for (k = 1 is MACS2's own scaling)	covariates.json:control.source	covariates.json:control.reads	tools/t112/arms.py:knob_value (k = 1: the base fraglen)	manifest:fraglen
C19M22__ctldepth__q0.5	C19M22	H3K4me3	ctldepth	q0.5	1	30000000	24.838459164932694	101	0	1	30	1	0.0	1.0	matched	53519675	25.673566019404067	1.0	205	manifest:depth	manifest:read_length	manifest:run_type	chip.wdl v2.2.2 default L178 no_dup_removal = false (picard)	chip.wdl v2.2.2 default L179 mapq_thresh = 30	tools/t112/arms.py:abproxy_n_ctl (off this arm no control read is mixed in)	tools/t112/bam_arm.py:ratio_for (k = 1 is MACS2's own scaling)	covariates.json:control.source	covariates.json:control.reads	tools/t112/arms.py:knob_value (k = 1: the base fraglen)	manifest:fraglen
C19M22__ctlid__none	C19M22	H3K4me3	ctlid	none	1	30000000	24.838459164932694	101	0	1	30	0	0.0	0.0	none	0	0.0	1.0	205	manifest:depth	manifest:read_length	manifest:run_type	chip.wdl v2.2.2 default L178 no_dup_removal = false (picard)	chip.wdl v2.2.2 default L179 mapq_thresh = 30	none: no control	none: no control	none: no control	none: no control	tools/t112/arms.py:knob_value (k = 1: the base fraglen)	manifest:fraglen
C19M22__ctlid__other	C19M22	H3K4me3	ctlid	other	1	30000000	24.838459164932694	101	0	1	30	1	0.0	1.0	other	150302589	27.16329461935312	1.0	205	manifest:depth	manifest:read_length	manifest:run_type	chip.wdl v2.2.2 default L178 no_dup_removal = false (picard)	chip.wdl v2.2.2 default L179 mapq_thresh = 30	tools/t112/arms.py:abproxy_n_ctl (off this arm no control read is mixed in)	tools/t112/bam_arm.py:ratio_for (k = 1 is MACS2's own scaling)	covariates.json:control.source	covariates.json:control.reads	tools/t112/arms.py:knob_value (k = 1: the base fraglen)	manifest:fraglen
C19M22__dedup__off	C19M22	H3K4me3	dedup	off	1	30000000	24.838459164932694	101	0	0	30	1	0.0	1.0	matched	126314836	26.912448856392302	1.0	205	manifest:depth	manifest:read_length	manifest:run_type	manifest:knob_value (chip.no_dup_removal)	chip.wdl v2.2.2 default L179 mapq_thresh = 30	tools/t112/arms.py:abproxy_n_ctl (off this arm no control read is mixed in)	tools/t112/bam_arm.py:ratio_for (k = 1 is MACS2's own scaling)	covariates.json:control.source	covariates.json:control.reads	tools/t112/arms.py:knob_value (k = 1: the base fraglen)	manifest:fraglen
C19M22__depth__15M	C19M22	H3K4me3	depth	15M	1	15000000	23.838459164932694	101	0	1	30	1	0.0	1.0	matched	107039349	26.673566005925892	1.0	205	manifest:depth	manifest:read_length	manifest:run_type	chip.wdl v2.2.2 default L178 no_dup_removal = false (picard)	chip.wdl v2.2.2 default L179 mapq_thresh = 30	tools/t112/arms.py:abproxy_n_ctl (off this arm no control read is mixed in)	tools/t112/bam_arm.py:ratio_for (k = 1 is MACS2's own scaling)	covariates.json:control.source	covariates.json:control.reads	tools/t112/arms.py:knob_value (k = 1: the base fraglen)	manifest:fraglen
C19M22__depth__3.75M	C19M22	H3K4me3	depth	3.75M	1	3750000	21.838459164932694	101	0	1	30	1	0.0	1.0	matched	107039349	26.673566005925892	1.0	205	manifest:depth	manifest:read_length	manifest:run_type	chip.wdl v2.2.2 default L178 no_dup_removal = false (picard)	chip.wdl v2.2.2 default L179 mapq_thresh = 30	tools/t112/arms.py:abproxy_n_ctl (off this arm no control read is mixed in)	tools/t112/bam_arm.py:ratio_for (k = 1 is MACS2's own scaling)	covariates.json:control.source	covariates.json:control.reads	tools/t112/arms.py:knob_value (k = 1: the base fraglen)	manifest:fraglen
C19M22__depth__7.5M	C19M22	H3K4me3	depth	7.5M	1	7500000	22.838459164932694	101	0	1	30	1	0.0	1.0	matched	107039349	26.673566005925892	1.0	205	manifest:depth	manifest:read_length	manifest:run_type	chip.wdl v2.2.2 default L178 no_dup_removal = false (picard)	chip.wdl v2.2.2 default L179 mapq_thresh = 30	tools/t112/arms.py:abproxy_n_ctl (off this arm no control read is mixed in)	tools/t112/bam_arm.py:ratio_for (k = 1 is MACS2's own scaling)	covariates.json:control.source	covariates.json:control.reads	tools/t112/arms.py:knob_value (k = 1: the base fraglen)	manifest:fraglen
C19M22__extsize__k0.5	C19M22	H3K4me3	extsize	k0.5	1	30000000	24.838459164932694	101	0	1	30	1	0.0	1.0	matched	107039349	26.673566005925892	0.5	103	manifest:depth	manifest:read_length	manifest:run_type	chip.wdl v2.2.2 default L178 no_dup_removal = false (picard)	chip.wdl v2.2.2 default L179 mapq_thresh = 30	tools/t112/arms.py:abproxy_n_ctl (off this arm no control read is mixed in)	tools/t112/bam_arm.py:ratio_for (k = 1 is MACS2's own scaling)	covariates.json:control.source	covariates.json:control.reads	manifest:level (fraglen = k x base fraglen)	manifest:fraglen
C19M22__extsize__k2	C19M22	H3K4me3	extsize	k2	1	30000000	24.838459164932694	101	0	1	30	1	0.0	1.0	matched	107039349	26.673566005925892	2.0	410	manifest:depth	manifest:read_length	manifest:run_type	chip.wdl v2.2.2 default L178 no_dup_removal = false (picard)	chip.wdl v2.2.2 default L179 mapq_thresh = 30	tools/t112/arms.py:abproxy_n_ctl (off this arm no control read is mixed in)	tools/t112/bam_arm.py:ratio_for (k = 1 is MACS2's own scaling)	covariates.json:control.source	covariates.json:control.reads	manifest:level (fraglen = k x base fraglen)	manifest:fraglen
C19M22__mapq__0	C19M22	H3K4me3	mapq	0	1	30000000	24.838459164932694	101	0	1	0	1	0.0	1.0	matched	117351389	26.80625967715557	1.0	205	manifest:depth	manifest:read_length	manifest:run_type	chip.wdl v2.2.2 default L178 no_dup_removal = false (picard)	manifest:knob_value (chip.mapq_thresh)	tools/t112/arms.py:abproxy_n_ctl (off this arm no control read is mixed in)	tools/t112/bam_arm.py:ratio_for (k = 1 is MACS2's own scaling)	covariates.json:control.source	covariates.json:control.reads	tools/t112/arms.py:knob_value (k = 1: the base fraglen)	manifest:fraglen
C19M22__mapq__10	C19M22	H3K4me3	mapq	10	1	30000000	24.838459164932694	101	0	1	10	1	0.0	1.0	matched	109732930	26.709421291390598	1.0	210	manifest:depth	manifest:read_length	manifest:run_type	chip.wdl v2.2.2 default L178 no_dup_removal = false (picard)	manifest:knob_value (chip.mapq_thresh)	tools/t112/arms.py:abproxy_n_ctl (off this arm no control read is mixed in)	tools/t112/bam_arm.py:ratio_for (k = 1 is MACS2's own scaling)	covariates.json:control.source	covariates.json:control.reads	tools/t112/arms.py:knob_value (k = 1: the base fraglen)	manifest:fraglen
C19M22__pe__pe	C19M22	H3K4me3	pe	pe	1	30000000	24.838459164932694	101	1	1	30	1	0.0	1.0	matched	104984314	26.645598545990854	1.0	205	manifest:depth	manifest:read_length	manifest:run_type	chip.wdl v2.2.2 default L178 no_dup_removal = false (picard)	chip.wdl v2.2.2 default L179 mapq_thresh = 30	tools/t112/arms.py:abproxy_n_ctl (off this arm no control read is mixed in)	tools/t112/bam_arm.py:ratio_for (k = 1 is MACS2's own scaling)	covariates.json:control.source	covariates.json:control.reads	tools/t112/arms.py:knob_value (k = 1: the base fraglen)	manifest:fraglen
C19M22__ratio__k0.5	C19M22	H3K4me3	ratio	k0.5	1	30000000	24.838459164932694	101	0	1	30	1	0.0	0.5	matched	107039349	26.673566005925892	1.0	205	manifest:depth	manifest:read_length	manifest:run_type	chip.wdl v2.2.2 default L178 no_dup_removal = false (picard)	chip.wdl v2.2.2 default L179 mapq_thresh = 30	tools/t112/arms.py:abproxy_n_ctl (off this arm no control read is mixed in)	tools/t112/bam_arm.py:ratio_for (k from manifest:level)	covariates.json:control.source	covariates.json:control.reads	tools/t112/arms.py:knob_value (k = 1: the base fraglen)	manifest:fraglen
C19M22__ratio__k2	C19M22	H3K4me3	ratio	k2	1	30000000	24.838459164932694	101	0	1	30	1	0.0	2.0	matched	107039349	26.673566005925892	1.0	205	manifest:depth	manifest:read_length	manifest:run_type	chip.wdl v2.2.2 default L178 no_dup_removal = false (picard)	chip.wdl v2.2.2 default L179 mapq_thresh = 30	tools/t112/arms.py:abproxy_n_ctl (off this arm no control read is mixed in)	tools/t112/bam_arm.py:ratio_for (k from manifest:level)	covariates.json:control.source	covariates.json:control.reads	tools/t112/arms.py:knob_value (k = 1: the base fraglen)	manifest:fraglen
C40M17__abproxy__f0.5	C40M17	H3K27me3	abproxy	f0.5	1	30000000	24.838459164932694	101	0	1	30	1	0.5	1.0	matched	150302589	27.16329461935312	1.0	200	manifest:depth	manifest:read_length	manifest:run_type	chip.wdl v2.2.2 default L178 no_dup_removal = false (picard)	chip.wdl v2.2.2 default L179 mapq_thresh = 30	manifest:knob_value (control_read_fraction)	tools/t112/bam_arm.py:ratio_for (k = 1 is MACS2's own scaling)	covariates.json:control.source	covariates.json:control.reads	tools/t112/arms.py:knob_value (k = 1: the base fraglen)	manifest:fraglen
C40M17__abproxy__f0.9	C40M17	H3K27me3	abproxy	f0.9	1	30000000	24.838459164932694	101	0	1	30	1	0.9	1.0	matched	150302589	27.16329461935312	1.0	200	manifest:depth	manifest:read_length	manifest:run_type	chip.wdl v2.2.2 default L178 no_dup_removal = false (picard)	chip.wdl v2.2.2 default L179 mapq_thresh = 30	manifest:knob_value (control_read_fraction)	tools/t112/bam_arm.py:ratio_for (k = 1 is MACS2's own scaling)	covariates.json:control.source	covariates.json:control.reads	tools/t112/arms.py:knob_value (k = 1: the base fraglen)	manifest:fraglen
C40M17__base__base	C40M17	H3K27me3	base	base	1	30000000	24.838459164932694	101	0	1	30	1	0.0	1.0	matched	150302589	27.16329461935312	1.0	200	manifest:depth	manifest:read_length	manifest:run_type	chip.wdl v2.2.2 default L178 no_dup_removal = false (picard)	chip.wdl v2.2.2 default L179 mapq_thresh = 30	tools/t112/arms.py:abproxy_n_ctl (off this arm no control read is mixed in)	tools/t112/bam_arm.py:ratio_for (k = 1 is MACS2's own scaling)	covariates.json:control.source	covariates.json:control.reads	tools/t112/arms.py:knob_value (k = 1: the base fraglen)	manifest:fraglen
C40M17__crop__36	C40M17	H3K27me3	crop	36	1	30000000	24.838459164932694	36	0	1	30	1	0.0	1.0	matched	135103967	27.00949479562188	1.0	200	manifest:depth	manifest:read_length	manifest:run_type	chip.wdl v2.2.2 default L178 no_dup_removal = false (picard)	chip.wdl v2.2.2 default L179 mapq_thresh = 30	tools/t112/arms.py:abproxy_n_ctl (off this arm no control read is mixed in)	tools/t112/bam_arm.py:ratio_for (k = 1 is MACS2's own scaling)	covariates.json:control.source	covariates.json:control.reads	tools/t112/arms.py:knob_value (k = 1: the base fraglen)	manifest:fraglen
C40M17__crop__50	C40M17	H3K27me3	crop	50	1	30000000	24.838459164932694	50	0	1	30	1	0.0	1.0	matched	143955152	27.101044181427433	1.0	200	manifest:depth	manifest:read_length	manifest:run_type	chip.wdl v2.2.2 default L178 no_dup_removal = false (picard)	chip.wdl v2.2.2 default L179 mapq_thresh = 30	tools/t112/arms.py:abproxy_n_ctl (off this arm no control read is mixed in)	tools/t112/bam_arm.py:ratio_for (k = 1 is MACS2's own scaling)	covariates.json:control.source	covariates.json:control.reads	tools/t112/arms.py:knob_value (k = 1: the base fraglen)	manifest:fraglen
C40M17__ctldepth__q0.25	C40M17	H3K27me3	ctldepth	q0.25	1	30000000	24.838459164932694	101	0	1	30	1	0.0	1.0	matched	37575647	25.163294609754516	1.0	200	manifest:depth	manifest:read_length	manifest:run_type	chip.wdl v2.2.2 default L178 no_dup_removal = false (picard)	chip.wdl v2.2.2 default L179 mapq_thresh = 30	tools/t112/arms.py:abproxy_n_ctl (off this arm no control read is mixed in)	tools/t112/bam_arm.py:ratio_for (k = 1 is MACS2's own scaling)	covariates.json:control.source	covariates.json:control.reads	tools/t112/arms.py:knob_value (k = 1: the base fraglen)	manifest:fraglen
C40M17__ctldepth__q0.5	C40M17	H3K27me3	ctldepth	q0.5	1	30000000	24.838459164932694	101	0	1	30	1	0.0	1.0	matched	75151295	26.16329462895172	1.0	200	manifest:depth	manifest:read_length	manifest:run_type	chip.wdl v2.2.2 default L178 no_dup_removal = false (picard)	chip.wdl v2.2.2 default L179 mapq_thresh = 30	tools/t112/arms.py:abproxy_n_ctl (off this arm no control read is mixed in)	tools/t112/bam_arm.py:ratio_for (k = 1 is MACS2's own scaling)	covariates.json:control.source	covariates.json:control.reads	tools/t112/arms.py:knob_value (k = 1: the base fraglen)	manifest:fraglen
C40M17__ctlid__none	C40M17	H3K27me3	ctlid	none	1	30000000	24.838459164932694	101	0	1	30	0	0.0	0.0	none	0	0.0	1.0	200	manifest:depth	manifest:read_length	manifest:run_type	chip.wdl v2.2.2 default L178 no_dup_removal = false (picard)	chip.wdl v2.2.2 default L179 mapq_thresh = 30	none: no control	none: no control	none: no control	none: no control	tools/t112/arms.py:knob_value (k = 1: the base fraglen)	manifest:fraglen
C40M17__ctlid__other	C40M17	H3K27me3	ctlid	other	1	30000000	24.838459164932694	101	0	1	30	1	0.0	1.0	other	160028104	27.253750051342394	1.0	200	manifest:depth	manifest:read_length	manifest:run_type	chip.wdl v2.2.2 default L178 no_dup_removal = false (picard)	chip.wdl v2.2.2 default L179 mapq_thresh = 30	tools/t112/arms.py:abproxy_n_ctl (off this arm no control read is mixed in)	tools/t112/bam_arm.py:ratio_for (k = 1 is MACS2's own scaling)	covariates.json:control.source	covariates.json:control.reads	tools/t112/arms.py:knob_value (k = 1: the base fraglen)	manifest:fraglen
C40M17__dedup__off	C40M17	H3K27me3	dedup	off	1	30000000	24.838459164932694	101	0	0	30	1	0.0	1.0	matched	198711237	27.566098217523365	1.0	200	manifest:depth	manifest:read_length	manifest:run_type	manifest:knob_value (chip.no_dup_removal)	chip.wdl v2.2.2 default L179 mapq_thresh = 30	tools/t112/arms.py:abproxy_n_ctl (off this arm no control read is mixed in)	tools/t112/bam_arm.py:ratio_for (k = 1 is MACS2's own scaling)	covariates.json:control.source	covariates.json:control.reads	tools/t112/arms.py:knob_value (k = 1: the base fraglen)	manifest:fraglen
C40M17__depth__15M	C40M17	H3K27me3	depth	15M	1	15000000	23.838459164932694	101	0	1	30	1	0.0	1.0	matched	150302589	27.16329461935312	1.0	200	manifest:depth	manifest:read_length	manifest:run_type	chip.wdl v2.2.2 default L178 no_dup_removal = false (picard)	chip.wdl v2.2.2 default L179 mapq_thresh = 30	tools/t112/arms.py:abproxy_n_ctl (off this arm no control read is mixed in)	tools/t112/bam_arm.py:ratio_for (k = 1 is MACS2's own scaling)	covariates.json:control.source	covariates.json:control.reads	tools/t112/arms.py:knob_value (k = 1: the base fraglen)	manifest:fraglen
C40M17__depth__3.75M	C40M17	H3K27me3	depth	3.75M	1	3750000	21.838459164932694	101	0	1	30	1	0.0	1.0	matched	150302589	27.16329461935312	1.0	200	manifest:depth	manifest:read_length	manifest:run_type	chip.wdl v2.2.2 default L178 no_dup_removal = false (picard)	chip.wdl v2.2.2 default L179 mapq_thresh = 30	tools/t112/arms.py:abproxy_n_ctl (off this arm no control read is mixed in)	tools/t112/bam_arm.py:ratio_for (k = 1 is MACS2's own scaling)	covariates.json:control.source	covariates.json:control.reads	tools/t112/arms.py:knob_value (k = 1: the base fraglen)	manifest:fraglen
C40M17__depth__7.5M	C40M17	H3K27me3	depth	7.5M	1	7500000	22.838459164932694	101	0	1	30	1	0.0	1.0	matched	150302589	27.16329461935312	1.0	200	manifest:depth	manifest:read_length	manifest:run_type	chip.wdl v2.2.2 default L178 no_dup_removal = false (picard)	chip.wdl v2.2.2 default L179 mapq_thresh = 30	tools/t112/arms.py:abproxy_n_ctl (off this arm no control read is mixed in)	tools/t112/bam_arm.py:ratio_for (k = 1 is MACS2's own scaling)	covariates.json:control.source	covariates.json:control.reads	tools/t112/arms.py:knob_value (k = 1: the base fraglen)	manifest:fraglen
C40M17__extsize__k0.5	C40M17	H3K27me3	extsize	k0.5	1	30000000	24.838459164932694	101	0	1	30	1	0.0	1.0	matched	150302589	27.16329461935312	0.5	100	manifest:depth	manifest:read_length	manifest:run_type	chip.wdl v2.2.2 default L178 no_dup_removal = false (picard)	chip.wdl v2.2.2 default L179 mapq_thresh = 30	tools/t112/arms.py:abproxy_n_ctl (off this arm no control read is mixed in)	tools/t112/bam_arm.py:ratio_for (k = 1 is MACS2's own scaling)	covariates.json:control.source	covariates.json:control.reads	manifest:level (fraglen = k x base fraglen)	manifest:fraglen
C40M17__extsize__k2	C40M17	H3K27me3	extsize	k2	1	30000000	24.838459164932694	101	0	1	30	1	0.0	1.0	matched	150302589	27.16329461935312	2.0	400	manifest:depth	manifest:read_length	manifest:run_type	chip.wdl v2.2.2 default L178 no_dup_removal = false (picard)	chip.wdl v2.2.2 default L179 mapq_thresh = 30	tools/t112/arms.py:abproxy_n_ctl (off this arm no control read is mixed in)	tools/t112/bam_arm.py:ratio_for (k = 1 is MACS2's own scaling)	covariates.json:control.source	covariates.json:control.reads	manifest:level (fraglen = k x base fraglen)	manifest:fraglen
C40M17__mapq__0	C40M17	H3K27me3	mapq	0	1	30000000	24.838459164932694	101	0	1	0	1	0.0	1.0	matched	166029902	27.306867853575728	1.0	200	manifest:depth	manifest:read_length	manifest:run_type	chip.wdl v2.2.2 default L178 no_dup_removal = false (picard)	manifest:knob_value (chip.mapq_thresh)	tools/t112/arms.py:abproxy_n_ctl (off this arm no control read is mixed in)	tools/t112/bam_arm.py:ratio_for (k = 1 is MACS2's own scaling)	covariates.json:control.source	covariates.json:control.reads	tools/t112/arms.py:knob_value (k = 1: the base fraglen)	manifest:fraglen
C40M17__mapq__10	C40M17	H3K27me3	mapq	10	1	30000000	24.838459164932694	101	0	1	10	1	0.0	1.0	matched	154139384	27.199660289621136	1.0	190	manifest:depth	manifest:read_length	manifest:run_type	chip.wdl v2.2.2 default L178 no_dup_removal = false (picard)	manifest:knob_value (chip.mapq_thresh)	tools/t112/arms.py:abproxy_n_ctl (off this arm no control read is mixed in)	tools/t112/bam_arm.py:ratio_for (k = 1 is MACS2's own scaling)	covariates.json:control.source	covariates.json:control.reads	tools/t112/arms.py:knob_value (k = 1: the base fraglen)	manifest:fraglen
C40M17__pe__pe	C40M17	H3K27me3	pe	pe	1	30000000	24.838459164932694	101	1	1	30	1	0.0	1.0	matched	147152806	27.1327398118338	1.0	205	manifest:depth	manifest:read_length	manifest:run_type	chip.wdl v2.2.2 default L178 no_dup_removal = false (picard)	chip.wdl v2.2.2 default L179 mapq_thresh = 30	tools/t112/arms.py:abproxy_n_ctl (off this arm no control read is mixed in)	tools/t112/bam_arm.py:ratio_for (k = 1 is MACS2's own scaling)	covariates.json:control.source	covariates.json:control.reads	tools/t112/arms.py:knob_value (k = 1: the base fraglen)	manifest:fraglen
C40M17__ratio__k0.5	C40M17	H3K27me3	ratio	k0.5	1	30000000	24.838459164932694	101	0	1	30	1	0.0	0.5	matched	150302589	27.16329461935312	1.0	200	manifest:depth	manifest:read_length	manifest:run_type	chip.wdl v2.2.2 default L178 no_dup_removal = false (picard)	chip.wdl v2.2.2 default L179 mapq_thresh = 30	tools/t112/arms.py:abproxy_n_ctl (off this arm no control read is mixed in)	tools/t112/bam_arm.py:ratio_for (k from manifest:level)	covariates.json:control.source	covariates.json:control.reads	tools/t112/arms.py:knob_value (k = 1: the base fraglen)	manifest:fraglen
C40M17__ratio__k2	C40M17	H3K27me3	ratio	k2	1	30000000	24.838459164932694	101	0	1	30	1	0.0	2.0	matched	150302589	27.16329461935312	1.0	200	manifest:depth	manifest:read_length	manifest:run_type	chip.wdl v2.2.2 default L178 no_dup_removal = false (picard)	chip.wdl v2.2.2 default L179 mapq_thresh = 30	tools/t112/arms.py:abproxy_n_ctl (off this arm no control read is mixed in)	tools/t112/bam_arm.py:ratio_for (k from manifest:level)	covariates.json:control.source	covariates.json:control.reads	tools/t112/arms.py:knob_value (k = 1: the base fraglen)	manifest:fraglen
C40M18__abproxy__f0.5	C40M18	H3K36me3	abproxy	f0.5	1	30000000	24.838459164932694	101	0	1	30	1	0.5	1.0	matched	150302589	27.16329461935312	1.0	210	manifest:depth	manifest:read_length	manifest:run_type	chip.wdl v2.2.2 default L178 no_dup_removal = false (picard)	chip.wdl v2.2.2 default L179 mapq_thresh = 30	manifest:knob_value (control_read_fraction)	tools/t112/bam_arm.py:ratio_for (k = 1 is MACS2's own scaling)	covariates.json:control.source	covariates.json:control.reads	tools/t112/arms.py:knob_value (k = 1: the base fraglen)	manifest:fraglen
C40M18__abproxy__f0.9	C40M18	H3K36me3	abproxy	f0.9	1	30000000	24.838459164932694	101	0	1	30	1	0.9	1.0	matched	150302589	27.16329461935312	1.0	210	manifest:depth	manifest:read_length	manifest:run_type	chip.wdl v2.2.2 default L178 no_dup_removal = false (picard)	chip.wdl v2.2.2 default L179 mapq_thresh = 30	manifest:knob_value (control_read_fraction)	tools/t112/bam_arm.py:ratio_for (k = 1 is MACS2's own scaling)	covariates.json:control.source	covariates.json:control.reads	tools/t112/arms.py:knob_value (k = 1: the base fraglen)	manifest:fraglen
C40M18__base__base	C40M18	H3K36me3	base	base	1	30000000	24.838459164932694	101	0	1	30	1	0.0	1.0	matched	150302589	27.16329461935312	1.0	210	manifest:depth	manifest:read_length	manifest:run_type	chip.wdl v2.2.2 default L178 no_dup_removal = false (picard)	chip.wdl v2.2.2 default L179 mapq_thresh = 30	tools/t112/arms.py:abproxy_n_ctl (off this arm no control read is mixed in)	tools/t112/bam_arm.py:ratio_for (k = 1 is MACS2's own scaling)	covariates.json:control.source	covariates.json:control.reads	tools/t112/arms.py:knob_value (k = 1: the base fraglen)	manifest:fraglen
C40M18__crop__36	C40M18	H3K36me3	crop	36	1	30000000	24.838459164932694	36	0	1	30	1	0.0	1.0	matched	135103967	27.00949479562188	1.0	210	manifest:depth	manifest:read_length	manifest:run_type	chip.wdl v2.2.2 default L178 no_dup_removal = false (picard)	chip.wdl v2.2.2 default L179 mapq_thresh = 30	tools/t112/arms.py:abproxy_n_ctl (off this arm no control read is mixed in)	tools/t112/bam_arm.py:ratio_for (k = 1 is MACS2's own scaling)	covariates.json:control.source	covariates.json:control.reads	tools/t112/arms.py:knob_value (k = 1: the base fraglen)	manifest:fraglen
C40M18__crop__50	C40M18	H3K36me3	crop	50	1	30000000	24.838459164932694	50	0	1	30	1	0.0	1.0	matched	143955152	27.101044181427433	1.0	210	manifest:depth	manifest:read_length	manifest:run_type	chip.wdl v2.2.2 default L178 no_dup_removal = false (picard)	chip.wdl v2.2.2 default L179 mapq_thresh = 30	tools/t112/arms.py:abproxy_n_ctl (off this arm no control read is mixed in)	tools/t112/bam_arm.py:ratio_for (k = 1 is MACS2's own scaling)	covariates.json:control.source	covariates.json:control.reads	tools/t112/arms.py:knob_value (k = 1: the base fraglen)	manifest:fraglen
C40M18__ctldepth__q0.25	C40M18	H3K36me3	ctldepth	q0.25	1	30000000	24.838459164932694	101	0	1	30	1	0.0	1.0	matched	37575647	25.163294609754516	1.0	210	manifest:depth	manifest:read_length	manifest:run_type	chip.wdl v2.2.2 default L178 no_dup_removal = false (picard)	chip.wdl v2.2.2 default L179 mapq_thresh = 30	tools/t112/arms.py:abproxy_n_ctl (off this arm no control read is mixed in)	tools/t112/bam_arm.py:ratio_for (k = 1 is MACS2's own scaling)	covariates.json:control.source	covariates.json:control.reads	tools/t112/arms.py:knob_value (k = 1: the base fraglen)	manifest:fraglen
C40M18__ctldepth__q0.5	C40M18	H3K36me3	ctldepth	q0.5	1	30000000	24.838459164932694	101	0	1	30	1	0.0	1.0	matched	75151295	26.16329462895172	1.0	210	manifest:depth	manifest:read_length	manifest:run_type	chip.wdl v2.2.2 default L178 no_dup_removal = false (picard)	chip.wdl v2.2.2 default L179 mapq_thresh = 30	tools/t112/arms.py:abproxy_n_ctl (off this arm no control read is mixed in)	tools/t112/bam_arm.py:ratio_for (k = 1 is MACS2's own scaling)	covariates.json:control.source	covariates.json:control.reads	tools/t112/arms.py:knob_value (k = 1: the base fraglen)	manifest:fraglen
C40M18__ctlid__none	C40M18	H3K36me3	ctlid	none	1	30000000	24.838459164932694	101	0	1	30	0	0.0	0.0	none	0	0.0	1.0	210	manifest:depth	manifest:read_length	manifest:run_type	chip.wdl v2.2.2 default L178 no_dup_removal = false (picard)	chip.wdl v2.2.2 default L179 mapq_thresh = 30	none: no control	none: no control	none: no control	none: no control	tools/t112/arms.py:knob_value (k = 1: the base fraglen)	manifest:fraglen
C40M18__ctlid__other	C40M18	H3K36me3	ctlid	other	1	30000000	24.838459164932694	101	0	1	30	1	0.0	1.0	other	160028104	27.253750051342394	1.0	210	manifest:depth	manifest:read_length	manifest:run_type	chip.wdl v2.2.2 default L178 no_dup_removal = false (picard)	chip.wdl v2.2.2 default L179 mapq_thresh = 30	tools/t112/arms.py:abproxy_n_ctl (off this arm no control read is mixed in)	tools/t112/bam_arm.py:ratio_for (k = 1 is MACS2's own scaling)	covariates.json:control.source	covariates.json:control.reads	tools/t112/arms.py:knob_value (k = 1: the base fraglen)	manifest:fraglen
C40M18__dedup__off	C40M18	H3K36me3	dedup	off	1	30000000	24.838459164932694	101	0	0	30	1	0.0	1.0	matched	198711237	27.566098217523365	1.0	210	manifest:depth	manifest:read_length	manifest:run_type	manifest:knob_value (chip.no_dup_removal)	chip.wdl v2.2.2 default L179 mapq_thresh = 30	tools/t112/arms.py:abproxy_n_ctl (off this arm no control read is mixed in)	tools/t112/bam_arm.py:ratio_for (k = 1 is MACS2's own scaling)	covariates.json:control.source	covariates.json:control.reads	tools/t112/arms.py:knob_value (k = 1: the base fraglen)	manifest:fraglen
C40M18__depth__15M	C40M18	H3K36me3	depth	15M	1	15000000	23.838459164932694	101	0	1	30	1	0.0	1.0	matched	150302589	27.16329461935312	1.0	210	manifest:depth	manifest:read_length	manifest:run_type	chip.wdl v2.2.2 default L178 no_dup_removal = false (picard)	chip.wdl v2.2.2 default L179 mapq_thresh = 30	tools/t112/arms.py:abproxy_n_ctl (off this arm no control read is mixed in)	tools/t112/bam_arm.py:ratio_for (k = 1 is MACS2's own scaling)	covariates.json:control.source	covariates.json:control.reads	tools/t112/arms.py:knob_value (k = 1: the base fraglen)	manifest:fraglen
C40M18__depth__3.75M	C40M18	H3K36me3	depth	3.75M	1	3750000	21.838459164932694	101	0	1	30	1	0.0	1.0	matched	150302589	27.16329461935312	1.0	210	manifest:depth	manifest:read_length	manifest:run_type	chip.wdl v2.2.2 default L178 no_dup_removal = false (picard)	chip.wdl v2.2.2 default L179 mapq_thresh = 30	tools/t112/arms.py:abproxy_n_ctl (off this arm no control read is mixed in)	tools/t112/bam_arm.py:ratio_for (k = 1 is MACS2's own scaling)	covariates.json:control.source	covariates.json:control.reads	tools/t112/arms.py:knob_value (k = 1: the base fraglen)	manifest:fraglen
C40M18__depth__7.5M	C40M18	H3K36me3	depth	7.5M	1	7500000	22.838459164932694	101	0	1	30	1	0.0	1.0	matched	150302589	27.16329461935312	1.0	210	manifest:depth	manifest:read_length	manifest:run_type	chip.wdl v2.2.2 default L178 no_dup_removal = false (picard)	chip.wdl v2.2.2 default L179 mapq_thresh = 30	tools/t112/arms.py:abproxy_n_ctl (off this arm no control read is mixed in)	tools/t112/bam_arm.py:ratio_for (k = 1 is MACS2's own scaling)	covariates.json:control.source	covariates.json:control.reads	tools/t112/arms.py:knob_value (k = 1: the base fraglen)	manifest:fraglen
C40M18__extsize__k0.5	C40M18	H3K36me3	extsize	k0.5	1	30000000	24.838459164932694	101	0	1	30	1	0.0	1.0	matched	150302589	27.16329461935312	0.5	105	manifest:depth	manifest:read_length	manifest:run_type	chip.wdl v2.2.2 default L178 no_dup_removal = false (picard)	chip.wdl v2.2.2 default L179 mapq_thresh = 30	tools/t112/arms.py:abproxy_n_ctl (off this arm no control read is mixed in)	tools/t112/bam_arm.py:ratio_for (k = 1 is MACS2's own scaling)	covariates.json:control.source	covariates.json:control.reads	manifest:level (fraglen = k x base fraglen)	manifest:fraglen
C40M18__extsize__k2	C40M18	H3K36me3	extsize	k2	1	30000000	24.838459164932694	101	0	1	30	1	0.0	1.0	matched	150302589	27.16329461935312	2.0	420	manifest:depth	manifest:read_length	manifest:run_type	chip.wdl v2.2.2 default L178 no_dup_removal = false (picard)	chip.wdl v2.2.2 default L179 mapq_thresh = 30	tools/t112/arms.py:abproxy_n_ctl (off this arm no control read is mixed in)	tools/t112/bam_arm.py:ratio_for (k = 1 is MACS2's own scaling)	covariates.json:control.source	covariates.json:control.reads	manifest:level (fraglen = k x base fraglen)	manifest:fraglen
C40M18__mapq__0	C40M18	H3K36me3	mapq	0	1	30000000	24.838459164932694	101	0	1	0	1	0.0	1.0	matched	166029902	27.306867853575728	1.0	220	manifest:depth	manifest:read_length	manifest:run_type	chip.wdl v2.2.2 default L178 no_dup_removal = false (picard)	manifest:knob_value (chip.mapq_thresh)	tools/t112/arms.py:abproxy_n_ctl (off this arm no control read is mixed in)	tools/t112/bam_arm.py:ratio_for (k = 1 is MACS2's own scaling)	covariates.json:control.source	covariates.json:control.reads	tools/t112/arms.py:knob_value (k = 1: the base fraglen)	manifest:fraglen
C40M18__mapq__10	C40M18	H3K36me3	mapq	10	1	30000000	24.838459164932694	101	0	1	10	1	0.0	1.0	matched	154139384	27.199660289621136	1.0	240	manifest:depth	manifest:read_length	manifest:run_type	chip.wdl v2.2.2 default L178 no_dup_removal = false (picard)	manifest:knob_value (chip.mapq_thresh)	tools/t112/arms.py:abproxy_n_ctl (off this arm no control read is mixed in)	tools/t112/bam_arm.py:ratio_for (k = 1 is MACS2's own scaling)	covariates.json:control.source	covariates.json:control.reads	tools/t112/arms.py:knob_value (k = 1: the base fraglen)	manifest:fraglen
C40M18__pe__pe	C40M18	H3K36me3	pe	pe	1	30000000	24.838459164932694	101	1	1	30	1	0.0	1.0	matched	147152806	27.1327398118338	1.0	180	manifest:depth	manifest:read_length	manifest:run_type	chip.wdl v2.2.2 default L178 no_dup_removal = false (picard)	chip.wdl v2.2.2 default L179 mapq_thresh = 30	tools/t112/arms.py:abproxy_n_ctl (off this arm no control read is mixed in)	tools/t112/bam_arm.py:ratio_for (k = 1 is MACS2's own scaling)	covariates.json:control.source	covariates.json:control.reads	tools/t112/arms.py:knob_value (k = 1: the base fraglen)	manifest:fraglen
C40M18__ratio__k0.5	C40M18	H3K36me3	ratio	k0.5	1	30000000	24.838459164932694	101	0	1	30	1	0.0	0.5	matched	150302589	27.16329461935312	1.0	210	manifest:depth	manifest:read_length	manifest:run_type	chip.wdl v2.2.2 default L178 no_dup_removal = false (picard)	chip.wdl v2.2.2 default L179 mapq_thresh = 30	tools/t112/arms.py:abproxy_n_ctl (off this arm no control read is mixed in)	tools/t112/bam_arm.py:ratio_for (k from manifest:level)	covariates.json:control.source	covariates.json:control.reads	tools/t112/arms.py:knob_value (k = 1: the base fraglen)	manifest:fraglen
C40M18__ratio__k2	C40M18	H3K36me3	ratio	k2	1	30000000	24.838459164932694	101	0	1	30	1	0.0	2.0	matched	150302589	27.16329461935312	1.0	210	manifest:depth	manifest:read_length	manifest:run_type	chip.wdl v2.2.2 default L178 no_dup_removal = false (picard)	chip.wdl v2.2.2 default L179 mapq_thresh = 30	tools/t112/arms.py:abproxy_n_ctl (off this arm no control read is mixed in)	tools/t112/bam_arm.py:ratio_for (k from manifest:level)	covariates.json:control.source	covariates.json:control.reads	tools/t112/arms.py:knob_value (k = 1: the base fraglen)	manifest:fraglen
