team_id,team,rank_stat,score_mean,score_lb,score_ub,position
6,CANDI,1.0,0.24292592592592585,0.23962962962962958,0.24703703703703694,1
16,Lavawizard,2.0,0.2662592592592592,0.25999999999999995,0.27777777777777773,2
25,imp1,3.0,0.28648148148148145,0.2796296296296297,0.2914814814814815,3
10,Guacamole,4.0,0.2918888888888888,0.28629629629629627,0.3051851851851851,4
24,imp,5.0,0.299111111111111,0.2896296296296295,0.30962962962962953,5
17,LiPingChun,5.0,0.29911111111111105,0.28629629629629627,0.31037037037037035,6
20,Song Lab,6.0,0.31481481481481477,0.3011111111111111,0.3255555555555555,7
5,BrokenNodes_v3,8.0,0.33170370370370367,0.3259259259259259,0.34222222222222215,8
22,Song Lab 3,9.0,0.3451481481481481,0.33333333333333326,0.3522222222222222,9
8,CUWA,10.0,0.35048148148148145,0.3451851851851851,0.3588888888888888,10
7,CUImpute1,11.0,0.3587777777777777,0.3503703703703702,0.3792592592592592,11
11,Hongyang Li and Yuanfang Guan,11.0,0.3656296296296296,0.341111111111111,0.38222222222222213,12
9,CostaLab,12.0,0.37166666666666665,0.36148148148148157,0.38629629629629625,13
14,ICU,13.0,0.37262962962962953,0.3655555555555555,0.378148148148148,14
4,BrokenNodes_v2,14.0,0.3776666666666667,0.36851851851851847,0.38407407407407407,15
3,BrokenNodes,15.0,0.38151851851851853,0.37851851851851853,0.38666666666666666,16
12,Hongyang Li and Yuanfang Guan v1,15.0,0.3854444444444444,0.3625925925925925,0.4003703703703704,17
0,Aug2019Imputation,18.0,0.45088888888888884,0.44259259259259254,0.45888888888888885,18
21,Song Lab 2,18.0,0.4548888888888888,0.4485185185185184,0.45925925925925926,19
23,UIOWA Michaelson Lab,19.0,0.4575555555555556,0.4525925925925926,0.46185185185185185,20
2,Avocado,21.0,0.4693703703703703,0.4625925925925926,0.481111111111111,21
19,NittanyLions2,22.0,0.4726296296296296,0.4651851851851852,0.48148148148148145,22
13,Hongyang Li and Yuanfang Guan v2,22.0,0.4728148148148147,0.4711111111111111,0.47444444444444434,23
18,NittanyLions,24.0,0.4778148148148148,0.4748148148148148,0.4825925925925927,24
15,KKT-ENCODE-Impute,25.0,0.4843333333333333,0.48185185185185175,0.4888888888888889,25
1,Average,26.0,0.49111111111111116,0.4892592592592592,0.4988888888888889,26
