method,kind,mse,gwcorr,gwspear,mseprom,msegene,mseenh,msevar,mse1obs,mse1imp
Avocado,submitted,1.079269804544374,0.8479798608120203,0.7841711141626024,1.0889826308609551,1.0822141999807544,1.0641128564356117,1.010808679827181,1.1208029034799747,1.2084067672364092
Average,submitted,1.0,1.0,1.0,1.0,1.0,1.0,1.0,1.0,1.0
Hongyang Li and Yuanfang Guan,submitted,0.9825790191353544,1.0232558171429853,0.9762844935476227,0.9754963538080891,0.9756285069409133,0.9751668656848519,1.0006824712658713,1.011798222378852,0.9927343953942357
NittanyLions,submitted,1.0897708802837955,0.353063491295295,0.5911568453690926,1.145763196330048,1.1174145228072458,1.1038191698078508,1.045264744199836,1.1998966896667183,0.6943462746873722
BrokenNodes,submitted,0.9824030444989124,1.0306819825123437,0.9946764512518784,0.9716211602302206,0.9409068340631379,0.9572839250614232,1.016365356715407,1.0915950591773829,0.8179570837432159
CostaLab,submitted,0.9848318604241372,0.9585138371387931,0.9365349704652726,0.9788346515700121,0.9814733151212482,0.9729519693790294,1.0070248550312646,1.090864678209282,0.9252313918305081
KKT-ENCODE-Impute,submitted,1.092807751252137,0.04681024307132643,-0.07103481938798309,1.1629767175057715,1.1046856459267713,1.0549912961184047,1.045446260724577,1.2810162065547939,0.09781858382482499
LiPingChun,submitted,0.974575916281064,1.0361750336592053,0.9775757927033626,0.9845385168044819,0.9706038103669746,0.9675889118089507,1.002813864534248,1.0431115962392277,1.00834729957428
Song Lab,submitted,0.9966080385184506,0.9909028774224699,0.8922533475128266,1.003182571310059,0.9924954819902897,0.971580941813346,1.0133932616648136,1.089128902366601,0.906378009884325
UIOWA Michaelson Lab,submitted,1.88784479519507,0.3795277599358913,0.23970091765406198,2.0406469777473277,2.104628407760624,1.8983593523040931,1.010637829014077,1.2524409961846024,1.8034486681409336
Aug2019Imputation,submitted,1.2437816466905092,0.7986589613272453,0.6616347778568638,1.2940321535172956,1.2434023253333788,1.302000275514053,1.011636874045392,1.1172043296821332,1.366826582419223
Hongyang Li and Yuanfang Guan v1,submitted,0.9643687257449933,1.0239663449859402,0.9633736606353661,0.9696274920393427,0.95973858719457,0.9662715243858284,0.9997137154238723,1.010762114897259,0.9273335621686281
Hongyang Li and Yuanfang Guan v2,submitted,0.9973552255062886,0.9881581464472589,0.8485554049631558,1.026432430187394,0.9929216566587559,0.9641556575119637,1.010774139231723,1.066901950656673,0.943338312713056
imp,submitted,0.9676457782382213,1.0291928110457318,1.0239624739177184,0.9527493039910803,0.9517122382232778,0.9679533787387874,1.0085584881039793,1.0572429687390674,0.86460338990469
CUWA,submitted,0.9802015926271762,1.0361472728394916,1.0008345093089697,0.9705421256672149,0.9376966386765963,0.956222163239122,1.0155245636043047,1.1036011468589315,0.8098085216352714
Lavawizard,submitted,0.9606163827914128,1.032187663403138,0.9232903904920807,0.9440694851035273,0.9397416136908003,0.9488574170528957,1.0025219493042719,1.045354530224597,0.8626764968332163
Song Lab 2,submitted,1.0936049642061396,0.6423317394698832,0.7320281213453078,1.1829285265701452,1.0909268367733502,1.0766011517329612,1.0409914409436543,1.2251195138914623,0.5735488961464331
Song Lab 3,submitted,0.9769463287190719,1.0078511417469391,0.9747093291782107,0.989728622499813,0.9708571564803902,0.9761323248148563,1.010335647979781,1.0662949984810937,0.9066492983202707
BrokenNodes_v2,submitted,0.9823920809080925,1.0235892618279787,0.9826449084092252,1.0259652101965422,0.9696318646960439,0.9815028578779041,1.0157269388174601,1.1170326137919186,0.8619405967180368
imp1,submitted,0.960308808061412,1.0108432065801076,1.0373992411391282,0.9569169807674291,0.9435789444556112,0.9677085394338549,1.0097549430263184,1.0689659889648178,0.8353539550477622
BrokenNodes_v3,submitted,1.0021763894267004,1.042025304541827,1.0144872770837758,1.0162559611188462,0.9639318818081455,0.9635115025836611,1.0167866294795482,1.1234775263391903,0.9344999754782648
Guacamole,submitted,0.9578335076088343,1.0238262142814647,0.9299406328492289,0.9524447627541877,0.9409068336024238,0.952718161760193,1.0026237516429555,1.0450966954596759,0.9167885112525261
NittanyLions2,submitted,9.04958440061203,0.2945609796988013,0.8888031858944475,42.59619319810785,8.733200401469352,15.240521742656023,1.0626734850115296,1.1620678113360081,29.16263931903824
CUImpute1,submitted,0.9802015926271762,1.0400449579876776,0.998735925004284,1.0063011156620705,0.9735685037816678,0.9630492211903691,1.013146289069205,1.1032045483674546,0.9181223819059238
ICU,submitted,0.9814602977775937,1.0400449579876776,0.998735925004284,1.0186074400689464,0.9618130602540987,0.9630492211903691,1.013146289069205,1.1036011468589315,0.9181223819059238
CANDI,ours,0.9550603828251765,1.059729794261363,1.0432903956331645,0.9754782529744908,0.9517334745252127,0.956323661828473,1.0023022187228436,1.0176632683284528,0.9330005516786455
"Avocado, retrained",ours,1.3272011133235042,0.646344550169254,0.7632099928310527,1.3303834650426298,1.382288141300124,1.2367036949407808,1.0382234692998025,1.2512423171500002,1.6947164260555077
