entry,rung,n_exp,skill,skill_mse,skill_gwcorr,skill_gwspear,skill_mseprom,skill_msegene,skill_mseenh,skill_msevar,skill_mse1obs,skill_mse1imp
Aug2019Imputation,none,51,0.4821761048456374,0.5589363093958037,0.7958657900435147,0.6794087951751641,0.2556805829027502,0.41480893367622684,0.28563700916255036,0.5500878304619213,0.5236686631195584,0.1858095359720487
Aug2019Imputation,pilot,51,1.120157579953668,1.4810874926543007,1.0057171406423726,0.9654566273133902,1.2923683560648085,1.5397756555869948,1.3055072752269696,0.9747109890630163,0.8398355843282804,1.1799316682719652
Average,none,51,1.0,0.9999999999999983,0.999999999999991,1.0000000000000335,1.0,0.999999999999998,1.0,1.0000000000000882,1.0,1.0
Average,pilot,51,1.0242646483543187,1.2265884820019046,1.0000000008322192,0.9999999999349288,1.2056389946183876,1.3458406741109465,1.170966724497094,0.8468701126064656,0.813736512611371,1.0960034249519615
Avocado,none,51,0.6785312512193764,0.7567994662560128,0.8476918361725727,0.7926352511908344,0.6263833177555399,0.7185281050242882,0.6159000460653208,0.6428799188188724,0.5368078705517326,0.34631463414573715
Avocado,pilot,51,1.1306314224370655,1.4205152471946976,1.0094384125735243,0.9860386444140958,1.3010240708512806,1.4480486013660676,1.3297795728533381,1.0026580464012915,0.8628849333279633,1.0485452144380492
BrokenNodes,none,51,1.016138074093413,1.0435916783604653,1.0301335685378763,0.9946941816142956,0.8074310302150927,1.074642796738731,0.9028490320037387,0.6184035371050086,0.6175104704269246,0.7992931363600474
BrokenNodes,pilot,51,1.1451853230741604,1.4451031996247197,1.029189719287883,0.9861816797253945,1.3397896007037957,1.422077930960668,1.3371934236298704,0.8264018605680327,0.8540348623571896,1.3616255539960467
BrokenNodes_v2,none,51,1.0003771160307533,1.0662314107639446,1.0234705216672277,0.9829222049393771,0.7762428934307103,1.0509076489233482,0.8603867140319196,0.582122012999735,0.6081456942611471,0.648350097781399
BrokenNodes_v2,pilot,51,1.1838683658938383,1.4469794639581774,1.035362974843982,0.9825457918238624,1.3494711788557852,1.504439570072905,1.361966219684441,0.8262869092555072,0.8423081868406007,1.4013252090543578
BrokenNodes_v3,none,51,0.9968831488427753,0.9968831488427753,1.0420956203056104,1.0138736026528994,0.8005724666842003,1.0465355422128833,0.9391484138084957,0.6056348471119978,0.5693184582065276,0.5656765768496936
BrokenNodes_v3,pilot,51,1.1915934879240075,1.5174331676549506,1.0517779347114127,0.9929429216377801,1.3523493132760311,1.572631571891177,1.403096034606165,0.9106433692070164,0.8350968492751314,1.2912110708044438
CANDI,none,51,0.8797343641057527,1.0711098338252358,0.7632139833432443,0.956547952339396,0.6806525744104468,1.0741287769754424,0.8138970343862237,0.16707280463984175,0.1890158319240405,0.7533672743883371
CANDI,pilot,51,1.2799232622587808,1.524558137314321,1.0405009582703377,1.0219776275659027,1.2211927590349094,1.569711898029266,1.3677572730281193,0.9730055132882482,0.9729698449512941,1.0838115768373897
CANDI + tcfloor,tcfloor,51,1.0873813022528447,1.1744922050523885,1.056334263518177,1.0439900858304079,1.0451476529419694,1.1463159484240735,1.0925400082761072,0.9142690522937184,0.9555022880329501,0.9782490774890503
CUImpute1,none,51,1.001957015473806,1.0468134278032482,1.0402854175023841,0.9991617563094566,0.8563494603442872,1.0503721105257866,0.9180996061117712,0.6172849225474702,0.6746114399078444,0.715620235844141
CUImpute1,pilot,51,1.1742971240296596,1.4591626520296743,1.0472123267024618,0.9996318247873384,1.345199543664858,1.4333146869393025,1.364784205633844,0.9189013561166332,0.8725882231651191,1.1745661475619396
CUWA,none,51,1.0051799653065165,1.0468134278032482,1.0326247832669238,1.0008359523769856,0.8011323131411212,1.075909410016441,0.9180996061117712,0.6447508827153097,0.6444500279603387,0.7920334139148019
CUWA,pilot,51,1.145438864425973,1.4339706757406667,1.0403914700190755,0.9996318247873384,1.345199543664858,1.4480984578911893,1.3582057202867683,0.9164204800386236,0.8725882231651191,1.4218148018707961
CostaLab,none,51,0.956383040735466,1.0236402974571868,0.956383040735466,0.9392851250136025,0.9280331107861017,1.0324635706820318,0.9845097516568373,0.6579292902015501,0.6553274171977855,0.7483867370866363
CostaLab,pilot,51,1.1355324104153737,1.353607918322325,1.0227454802614755,0.9970331726114762,1.3238902647948996,1.4107784807952881,1.3397180859747462,1.0261119104774579,0.9085807657756573,1.0186165491285313
Guacamole,none,51,1.0675968694362226,1.16790974315096,1.0236325968311941,0.9453191394143572,1.0887587649770751,1.1867978545698135,1.1868940078803185,0.7662944558033918,0.7988293813280937,0.8380800796099067
Guacamole,pilot,51,1.2344529831880195,1.436902416093601,1.0577631527919533,0.9639901630689615,1.2546754399006979,1.5305469420571525,1.394671576009812,1.112098632606391,0.8858152080001848,1.1558110257838912
Hongyang Li and Yuanfang Guan,none,51,1.031093072954755,1.0522848011551955,1.0229021335541755,0.974163519950023,1.014375228918303,1.07519925734523,1.01723958227582,0.889376238927371,0.9493944134644647,0.8844146983685423
Hongyang Li and Yuanfang Guan,pilot,51,1.1554053842591518,1.5305188895398947,1.0210412519754213,0.9879060509789196,1.4262730709922655,1.5628090377507124,1.3477293495174094,0.9250106824690196,0.8633030074299559,1.180488750545918
Hongyang Li and Yuanfang Guan v1,none,51,1.0593001684181655,1.1268621775670962,1.0229405018854008,0.9635230387965988,1.0411483234915941,1.146744411507258,1.0709461907901805,0.9422471115479166,0.9664955360039542,0.9277467923151986
Hongyang Li and Yuanfang Guan v1,pilot,51,1.1559214732838994,1.5226117242328603,1.0242638270109297,0.9695613004136536,1.4226143122738093,1.5574799098389889,1.3426496002494823,0.8956270653688136,0.859414360610596,1.2749862323208132
Hongyang Li and Yuanfang Guan v2,none,51,0.9558380966737069,1.0123577758872238,0.9934169307958861,0.8468272578002073,0.8615009909910172,1.0197744333884504,0.9438739610105469,0.723326651480423,0.6888345766921108,0.6546798514075601
Hongyang Li and Yuanfang Guan v2,pilot,51,1.1532515463467674,1.4095486314562926,1.000999178272038,0.8596557962110416,1.3062811083400732,1.4594986768807687,1.3059112483384558,0.8730401997301998,0.8143691755190825,1.1805836202667768
ICU,none,51,1.001957015473806,1.0184762138091037,1.0402854175023841,0.9991617563094566,0.8106019226260613,1.0380532938510518,0.942014261645428,0.6071768751183471,0.6746114399078444,0.715620235844141
ICU,pilot,51,1.2059342875026884,1.4591626520296743,1.029343592858341,0.9996444958561287,1.345199543664858,1.442750052505406,1.364784205633844,0.9189013561166332,0.8915668696357022,1.1745661475619396
KKT-ENCODE-Impute,none,51,0.14394446162276142,0.6382620626039415,0.044288561502500615,-0.02204829919100622,0.20406138845113922,0.5209775259188933,0.3902042665732593,0.00043465081657082633,-0.008048888892988755,2.8495602613140503
KKT-ENCODE-Impute,pilot,51,1.0246022854991745,1.2383125099804895,1.0001918837130366,0.9774525939586469,1.2057881295062547,1.3513647185326993,1.171771922118597,0.8474130332502398,0.8135706826756322,1.0963148474769544
Lavawizard,none,51,1.0728788500089623,1.1703205298520456,1.0317646389636628,0.9257749602747373,1.0907881016447882,1.1934658192475385,1.1961365153083545,0.777353332709268,0.8446513309092986,0.8343563625516515
Lavawizard,pilot,51,1.23053733104625,1.4233209880882312,1.0605789887430002,0.9624764867786162,1.2818796755477857,1.5363104324184822,1.3967201993549565,1.0937557069597543,0.8857663299153191,1.1421422155728118
LiPingChun,none,51,1.0550735232956914,1.1311708694516631,1.0354677541188864,0.9778539712782587,0.9449605076340153,1.0741682323524795,1.0180270465779708,0.7925869010576527,0.8107665546807634,0.609298955321836
LiPingChun,pilot,51,1.247745487994693,1.5422575944809356,1.04472973353979,0.9869566288231214,1.383638781886987,1.6134331120510854,1.3320101579968884,1.104859000243008,0.977907667134843,1.1708945425738362
NittanyLions,none,51,0.4696783093998751,0.6430187000566346,0.3510846778462092,0.5966177045338907,0.33029259007305356,0.5869080072456365,0.354018859370402,0.10146326033903545,0.1402506565768935,1.0204195524053221
NittanyLions,pilot,51,1.0628799608400619,1.2192930006768445,1.0007627914074617,0.909027508245609,1.206553059915004,1.349417381313986,1.1532553285803075,0.8350474861387813,0.817136336898892,1.0940795816146127
NittanyLions2,none,51,-0.5246947285672166,-13.295913614441938,0.2918001248573363,0.8942355684087014,-31.404954686678952,-17.53252346607213,-13.84467137300564,0.6192919316970322,0.44979330217757346,-2.4124506866702227
NittanyLions2,pilot,51,1.0626702033213196,1.4764061641384567,1.0027173677141485,0.9999849893947712,1.2556447780432234,1.5057955358499546,1.2705220721407267,0.8526574648422129,0.8237870037880848,1.1227273588170605
Song Lab,none,51,0.9649825675477994,1.007822643829462,0.9911849468220393,0.898015612799415,0.884484058163959,1.0211042221069206,1.0044974221997454,0.5416866671453004,0.6183248405458528,0.6843877850834001
Song Lab,pilot,51,1.245861361734303,1.5406098148958507,1.0581267180538747,0.9992104907491649,1.3308056392348382,1.6551392968142458,1.4650514555583998,0.9328560807271749,0.9560202944339026,1.0049068723148555
Song Lab 2,none,51,0.5222379662153624,0.744726384677437,0.6348629865596673,0.7241476598848132,0.49406443750721946,0.6862405520187178,0.5462114469922965,0.12777743624802335,0.11299953916026836,1.1757771554453957
Song Lab 2,pilot,51,1.1079234215148124,1.3493517129500339,1.0079470253859608,0.9800550634672689,1.2230923382073775,1.3513955034950222,1.269771433548679,0.9198192863019251,0.8143536525356342,1.151795965199023
Song Lab 3,none,51,1.0118761613512164,1.0430366022900863,1.0081030652462912,0.9740491797447449,0.8548105488392754,1.0472394861256027,1.0109985982233518,0.5290840502566735,0.7517782097299007,0.2885373966594999
Song Lab 3,pilot,51,1.207833685508882,1.5530903813173773,1.025213526035002,1.0045620247388514,1.327275358816744,1.6030423119838555,1.4930787677351676,0.9549114403226614,0.9114026105604096,1.0661522938115613
UIOWA Michaelson Lab,none,50,-0.35411661056831856,-1.18735624517307,0.3808970141637662,0.26844220287804177,-2.0508365822462586,-2.945112776699082,-4.646192241267461,0.11422249295510342,0.03165258873482271,0.2933022054793788
UIOWA Michaelson Lab,pilot,50,1.0618621768819927,1.3504842946309772,1.0015063187447368,0.9862501948008622,1.233369794050112,1.3890329388233291,1.2827557257682458,0.9230845858822031,0.8054000388835956,1.130076342094863
imp,none,51,1.0509822614409028,1.0963052975263556,1.0279420159410457,1.0240742651690184,1.000962210577931,1.1112193453818158,0.9939251599038925,0.5637180826249293,0.7283616296009326,0.9425607549509345
imp,pilot,51,1.1995969243280284,1.4730692683859867,1.0457539011243389,1.04036792572548,1.4106087855133107,1.5456937288454027,1.4784720689826492,0.8406402010851888,0.8663792205133383,1.3343701026022619
imp1,none,51,1.0287683815610922,1.0718462627716836,1.0098663260889613,1.0377892788269598,0.9534820286040013,1.112213325717392,0.9061642881075386,0.5057425138817679,0.7481145877054416,0.9481412534302683
imp1,pilot,51,1.1934735655085584,1.5193198441977522,1.0551486231169924,1.0420303706294238,1.4310061415972006,1.606672322672818,1.3994173049510548,0.8813520004448452,0.8963743104070593,1.3596559639557302
